group,layer_index,op_name,family,fused,fused_nodes,wall_median_ms_median,wall_median_ms_p10,wall_median_ms_p90,wall_median_ms_cv,compute_wall_median_ms_median,compute_wall_median_ms_p10,compute_wall_median_ms_p90,compute_wall_median_ms_cv,barrier_wall_median_ms_median,barrier_wall_median_ms_p10,barrier_wall_median_ms_p90,barrier_wall_median_ms_cv,logical_read_bytes_median,logical_read_bytes_p10,logical_read_bytes_p90,logical_read_bytes_cv,logical_write_bytes_median,logical_write_bytes_p10,logical_write_bytes_p90,logical_write_bytes_cv,q1_logical_read_bytes_median,q1_logical_read_bytes_p10,q1_logical_read_bytes_p90,q1_logical_read_bytes_cv,q8_logical_read_bytes_median,q8_logical_read_bytes_p10,q8_logical_read_bytes_p90,q8_logical_read_bytes_cv,q1_wall_median_ms_median,q1_wall_median_ms_p10,q1_wall_median_ms_p90,q1_wall_median_ms_cv,f32_to_q8_wall_median_ms_median,f32_to_q8_wall_median_ms_p10,f32_to_q8_wall_median_ms_p90,f32_to_q8_wall_median_ms_cv
layer=-1|op=ADD|family=ADD,-1,ADD,ADD,False,1,0.00375,0.003617,0.0038162,0.0268349401670865,0.002625,0.002508,0.0026663,0.029723922483916008,0.002083,0.0019663,0.002125,0.03758263460879137,384.0,384.0,384.0,0.0,192.0,192.0,192.0,0.0,0.0,0.0,0.0,,0.0,0.0,0.0,,0.0,0.0,0.0,,0.0,0.0,0.0,
layer=-1|op=CPY|family=CPY,-1,CPY,CPY,False,1,0.0268755,0.026320899999999998,0.028075,0.03135260628247705,0.0154785,0.0142458,0.0193376,0.17295165455920597,0.014354,0.0128038,0.0145249,0.05941692137742551,143358.0,143358.0,143358.0,0.0,61440.0,61440.0,61440.0,0.0,0.0,0.0,0.0,,0.0,0.0,0.0,,0.0,0.0,0.0,,0.0,0.0,0.0,
layer=-1|op=GET_ROWS|family=GET_ROWS,-1,GET_ROWS,GET_ROWS,False,1,0.0310625,0.0306038,0.0336083,0.049221634141653176,0.005020999999999999,0.0048582,0.005275899999999999,0.03797139613195166,0.0306045,0.0301125,0.0329874,0.04755199042198755,3145728.0,3145728.0,3145728.0,0.0,0.0,0.0,0.0,,0.0,0.0,0.0,,0.0,0.0,0.0,,0.0,0.0,0.0,,0.0,0.0,0.0,
layer=-1|op=MUL_MAT|family=MUL_MAT,-1,MUL_MAT,MUL_MAT,False,1,0.030417,0.0303164,0.0310338,0.010976299334294165,0.029042,0.028766800000000002,0.0297334,0.01486522216268519,0.009042,0.0089166,0.0091082,0.011169282852022662,55040.0,55040.0,55040.0,0.0,192.0,192.0,192.0,0.0,34560.0,34560.0,34560.0,0.0,65280.0,65280.0,65280.0,0.0,0.016291,0.0162002,0.0165914,0.010787042909641031,0.0,0.0,0.0,
layer=-1|op=MUL|family=MUL,-1,MUL,MUL,False,1,0.009395500000000001,0.0093083,0.0094913,0.00855800342129171,0.0076665,0.0076001,0.0078377,0.013789510278781189,0.0058545,0.0058122,0.0061331,0.027782203356526987,49152.0,49152.0,49152.0,0.0,24576.0,24576.0,24576.0,0.0,0.0,0.0,0.0,,0.0,0.0,0.0,,0.0,0.0,0.0,,0.0,0.0,0.0,
layer=-1|op=RMS_NORM|family=fused:RMS_NORM,-1,RMS_NORM,fused:RMS_NORM,True,2,0.012375,0.0107918,0.050508000000000004,0.7102064026728482,0.010876,0.0100254,0.034358200000000005,0.8483795246644952,0.011042,0.0092918,0.049625,0.7544814593214862,20480.0,20480.0,20480.0,0.0,20480.0,20480.0,20480.0,0.0,0.0,0.0,0.0,,0.0,0.0,0.0,,0.0,0.0,0.0,,0.0,0.0,0.0,
layer=-1|op=SCALE|family=SCALE,-1,SCALE,SCALE,False,1,0.0034375,0.003175,0.0035418999999999997,0.048941047999418195,0.001417,0.0013918,0.0015416,0.04984130177819183,0.0030004999999999997,0.0027834,0.0031165,0.050367149259300754,0.0,0.0,0.0,,0.0,0.0,0.0,,0.0,0.0,0.0,,0.0,0.0,0.0,,0.0,0.0,0.0,,0.0,0.0,0.0,
layer=-1|op=SET_ROWS|family=SET_ROWS,-1,SET_ROWS,SET_ROWS,False,1,0.008604500000000001,0.0083374,0.0087501,0.024503657038997935,0.007688,0.0074749,0.0078168,0.023282200047668004,0.007396,0.0071957,0.007587399999999999,0.023369471019198257,1052680.0,1052680.0,1052680.0,0.0,1048576.0,1048576.0,1048576.0,0.0,0.0,0.0,0.0,,0.0,0.0,0.0,,0.0,0.0,0.0,,0.0,0.0,0.0,
layer=-1|op=UNARY|family=UNARY,-1,UNARY,UNARY,False,1,0.016375,0.0163084,0.0164585,0.004071216890971392,0.012937500000000001,0.0128877,0.0133085,0.016480703275549794,0.0114165,0.011317,0.0114916,0.0067777782782886915,24576.0,24576.0,24576.0,0.0,24576.0,24576.0,24576.0,0.0,0.0,0.0,0.0,,0.0,0.0,0.0,,0.0,0.0,0.0,,0.0,0.0,0.0,
layer=0|op=ADD|family=ADD,0,ADD,ADD,False,1,0.010813,0.0099499,0.0199581,0.33372899983674936,0.009646,0.0088126,0.0179709,0.3414098052407613,0.0085205,0.0079041,0.017470600000000003,0.38315451490889885,40960.0,40960.0,40960.0,0.0,20480.0,20480.0,20480.0,0.0,0.0,0.0,0.0,,0.0,0.0,0.0,,0.0,0.0,0.0,,0.0,0.0,0.0,
layer=0|op=CONCAT|family=CONCAT,0,CONCAT,CONCAT,False,1,0.088042,0.08759159999999999,0.0888586,0.006669557593429049,0.086959,0.0865,0.0872752,0.004303210446980949,0.085833,0.0854334,0.086225,0.0041493935129125505,163840.0,163840.0,163840.0,0.0,163840.0,163840.0,163840.0,0.0,0.0,0.0,0.0,,0.0,0.0,0.0,,0.0,0.0,0.0,,0.0,0.0,0.0,
layer=0|op=GATED_DELTA_NET|family=GATED_DELTA_NET,0,GATED_DELTA_NET,GATED_DELTA_NET,False,1,1.104041,1.08385,1.197725,0.04611565054114328,1.096291,1.0774668,1.1916,0.04659997253382796,0.150417,0.0904832,0.2010836,0.3398245921900807,3187072.0,3187072.0,3187072.0,0.0,3170304.0,3170304.0,3170304.0,0.0,0.0,0.0,0.0,,0.0,0.0,0.0,,0.0,0.0,0.0,,0.0,0.0,0.0,
layer=0|op=GET_ROWS|family=GET_ROWS,0,GET_ROWS,GET_ROWS,False,1,0.024667,0.023475,0.0254582,0.035704502450115846,0.023292,0.02235,0.024358,0.037833792996057054,0.023792,0.022583,0.0248414,0.04201456360841258,122884.0,122884.0,122884.0,0.0,122880.0,122880.0,122880.0,0.0,0.0,0.0,0.0,,0.0,0.0,0.0,,0.0,0.0,0.0,,0.0,0.0,0.0,
layer=0|op=GLU|family=GLU,0,GLU,GLU,False,1,0.048708,0.0478918,0.18148319999999998,0.6431005911414597,0.046459,0.045908199999999996,0.17899959999999998,0.6553509805749991,0.045916,0.044475,0.1769414,0.661024490971252,139264.0,139264.0,139264.0,0.0,69632.0,69632.0,69632.0,0.0,0.0,0.0,0.0,,0.0,0.0,0.0,,0.0,0.0,0.0,,0.0,0.0,0.0,
layer=0|op=L2_NORM|family=L2_NORM,0,L2_NORM,L2_NORM,False,1,0.0064165,0.0061374,0.0067463,0.04352612193540441,0.0051665,0.0050915,0.0053043,0.01893563480676476,0.0043955,0.0038709,0.004629100000000001,0.08071796182722007,8192.0,8192.0,8192.0,0.0,8192.0,8192.0,8192.0,0.0,0.0,0.0,0.0,,0.0,0.0,0.0,,0.0,0.0,0.0,,0.0,0.0,0.0,
layer=0|op=MUL_MAT|family=MUL_MAT,0,MUL_MAT,MUL_MAT,False,1,2.265583,2.2625919999999997,2.3237166,0.012839242919880967,2.261083,2.2558252,2.2985838000000003,0.010408382221622261,0.180625,0.143692,0.21815879999999999,0.1841223458490118,12554240.0,12554240.0,12554240.0,0.0,24576.0,24576.0,24576.0,0.0,12533760.0,12533760.0,12533760.0,0.0,23674880.0,23674880.0,23674880.0,0.0,2.2515,2.2455086,2.2773668,0.0076455910900469935,0.0,0.0,0.0,
layer=0|op=MUL|family=MUL,0,MUL,MUL,False,1,0.003292,0.003016,0.0036584,0.0881444669338535,0.002,0.0019334,0.0024665999999999998,0.11790601348168513,0.001708,0.0015332,0.0018748,0.09220321439842125,384.0,384.0,384.0,0.0,192.0,192.0,192.0,0.0,0.0,0.0,0.0,,0.0,0.0,0.0,,0.0,0.0,0.0,,0.0,0.0,0.0,
layer=0|op=RMS_NORM|family=fused:RMS_NORM,0,RMS_NORM,fused:RMS_NORM,True,2,0.050584,0.024875,0.08093360000000001,0.5442780053735582,0.013792,0.0129086,0.040290599999999996,0.5609752369032843,0.049375,0.0155496,0.062867,0.5310389303193379,20480.0,20480.0,20480.0,0.0,20480.0,20480.0,20480.0,0.0,0.0,0.0,0.0,,0.0,0.0,0.0,,0.0,0.0,0.0,,0.0,0.0,0.0,
layer=0|op=SSM_CONV|family=SSM_CONV,0,SSM_CONV,SSM_CONV,False,1,0.039708,0.0383832,0.0407246,0.026172386699094916,0.038375,0.0373168,0.0393502,0.023412916326739495,0.018333,0.016308200000000002,0.020041800000000002,0.09098353306160444,327680.0,327680.0,327680.0,0.0,40960.0,40960.0,40960.0,0.0,0.0,0.0,0.0,,0.0,0.0,0.0,,0.0,0.0,0.0,,0.0,0.0,0.0,
layer=0|op=UNARY|family=UNARY,0,UNARY,UNARY,False,1,0.005583,0.0051,0.026725,0.7579278959682316,0.004125,0.0040332,0.012707600000000001,0.7982524009868118,0.003583,0.003008,0.0244914,0.8895899779366564,192.0,192.0,192.0,0.0,192.0,192.0,192.0,0.0,0.0,0.0,0.0,,0.0,0.0,0.0,,0.0,0.0,0.0,,0.0,0.0,0.0,
layer=10|op=ADD|family=ADD,10,ADD,ADD,False,1,0.01075,0.0097583,0.19543340000000003,1.6493402918358115,0.009354500000000002,0.0086583,0.0166293,0.3167558198221273,0.008812500000000001,0.0075959,0.19326250000000003,1.6988730610747884,40960.0,40960.0,40960.0,0.0,20480.0,20480.0,20480.0,0.0,0.0,0.0,0.0,,0.0,0.0,0.0,,0.0,0.0,0.0,,0.0,0.0,0.0,
layer=10|op=CONCAT|family=CONCAT,10,CONCAT,CONCAT,False,1,0.087833,0.0872584,0.5344748000000001,0.9804267580036556,0.086583,0.08610019999999999,0.1719662,0.4882747997766013,0.086458,0.08603359999999999,0.5319416,0.9838270746795975,163840.0,163840.0,163840.0,0.0,163840.0,163840.0,163840.0,0.0,0.0,0.0,0.0,,0.0,0.0,0.0,,0.0,0.0,0.0,,0.0,0.0,0.0,
layer=10|op=GATED_DELTA_NET|family=GATED_DELTA_NET,10,GATED_DELTA_NET,GATED_DELTA_NET,False,1,1.137,1.1194754,1.2461834,0.05012362975837371,1.129958,1.1141834,1.2363582,0.04878228229341613,0.248416,0.127975,0.2852082,0.37284898053501325,3187072.0,3187072.0,3187072.0,0.0,3170304.0,3170304.0,3170304.0,0.0,0.0,0.0,0.0,,0.0,0.0,0.0,,0.0,0.0,0.0,,0.0,0.0,0.0,
layer=10|op=GET_ROWS|family=GET_ROWS,10,GET_ROWS,GET_ROWS,False,1,0.023875,0.022966399999999998,0.0385334,0.25311319822647105,0.022833,0.0218998,0.0372254,0.25940657026058717,0.022958,0.0220004,0.0373998,0.25906195967671003,122884.0,122884.0,122884.0,0.0,122880.0,122880.0,122880.0,0.0,0.0,0.0,0.0,,0.0,0.0,0.0,,0.0,0.0,0.0,,0.0,0.0,0.0,
layer=10|op=GLU|family=GLU,10,GLU,GLU,False,1,0.04725,0.0467914,0.12798320000000002,0.7262299929186633,0.045292,0.0451834,0.1257164,0.7393300277849528,0.044708,0.044416399999999995,0.1254248,0.7488569850475145,139264.0,139264.0,139264.0,0.0,69632.0,69632.0,69632.0,0.0,0.0,0.0,0.0,,0.0,0.0,0.0,,0.0,0.0,0.0,,0.0,0.0,0.0,
layer=10|op=L2_NORM|family=L2_NORM,10,L2_NORM,L2_NORM,False,1,0.0063335,0.0058959,0.0070542999999999995,0.08072198229879463,0.005208,0.0047958,0.0054626,0.057207877930313275,0.0040625,0.0037955,0.0046626,0.09269540231958084,8192.0,8192.0,8192.0,0.0,8192.0,8192.0,8192.0,0.0,0.0,0.0,0.0,,0.0,0.0,0.0,,0.0,0.0,0.0,,0.0,0.0,0.0,
layer=10|op=MUL_MAT|family=MUL_MAT,10,MUL_MAT,MUL_MAT,False,1,2.271125,2.2570334,2.2759004,0.0037845941218264505,2.264833,2.2515002,2.2714086,0.003980545559436043,0.181125,0.1617334,0.2251502,0.15556406472929787,12554240.0,12554240.0,12554240.0,0.0,24576.0,24576.0,24576.0,0.0,12533760.0,12533760.0,12533760.0,0.0,23674880.0,23674880.0,23674880.0,0.0,2.247333,2.240083,2.2505832,0.0021613415485161624,0.0,0.0,0.0,
layer=10|op=MUL|family=MUL,10,MUL,MUL,False,1,0.003417,0.003225,0.0037082,0.07016983627688887,0.00225,0.0019496,0.0023586,0.08443061961361695,0.002042,0.001675,0.002158,0.11236572520842175,384.0,384.0,384.0,0.0,192.0,192.0,192.0,0.0,0.0,0.0,0.0,,0.0,0.0,0.0,,0.0,0.0,0.0,,0.0,0.0,0.0,
layer=10|op=RMS_NORM|family=fused:RMS_NORM,10,RMS_NORM,fused:RMS_NORM,True,2,0.012042,0.0118662,0.0790248,0.9138969086819396,0.011166,0.0108998,0.041117200000000007,0.6971309469813235,0.010792,0.0105668,0.0643748,0.8376911702300501,20480.0,20480.0,20480.0,0.0,20480.0,20480.0,20480.0,0.0,0.0,0.0,0.0,,0.0,0.0,0.0,,0.0,0.0,0.0,,0.0,0.0,0.0,
layer=10|op=SSM_CONV|family=SSM_CONV,10,SSM_CONV,SSM_CONV,False,1,0.040875,0.039458,0.0502582,0.12098182921350903,0.03925,0.038325,0.048916799999999996,0.1254858283108716,0.016042,0.012925,0.0201496,0.19982651332583712,327680.0,327680.0,327680.0,0.0,40960.0,40960.0,40960.0,0.0,0.0,0.0,0.0,,0.0,0.0,0.0,,0.0,0.0,0.0,,0.0,0.0,0.0,
layer=10|op=UNARY|family=UNARY,10,UNARY,UNARY,False,1,0.004917,0.0045168000000000005,0.0256164,0.7853631903881996,0.003959,0.0034332,0.0042664,0.09969042612705785,0.003709,0.0032002,0.0238582,0.8640446862005193,192.0,192.0,192.0,0.0,192.0,192.0,192.0,0.0,0.0,0.0,0.0,,0.0,0.0,0.0,,0.0,0.0,0.0,,0.0,0.0,0.0,
layer=11|op=ADD|family=ADD,11,ADD,ADD,False,1,0.012375,0.0103748,0.19676220000000003,1.6414832534863792,0.0111665,0.0091955,0.0183954,0.31589039965820176,0.0097085,0.0084288,0.1939166,1.684525119931057,40960.0,40960.0,40960.0,0.0,20480.0,20480.0,20480.0,0.0,0.0,0.0,0.0,,0.0,0.0,0.0,,0.0,0.0,0.0,,0.0,0.0,0.0,
layer=11|op=CONT|family=CONT,11,CONT,CONT,False,1,0.008416,0.0077418,0.0093078,0.0816867252608883,0.006916,0.0066168,0.0076914,0.06779759029569857,0.004875,0.0041832,0.0056166,0.1423679018528534,48128.0,48128.0,48128.0,0.0,24576.0,24576.0,24576.0,0.0,0.0,0.0,0.0,,0.0,0.0,0.0,,0.0,0.0,0.0,,0.0,0.0,0.0,
layer=11|op=FLASH_ATTN_EXT|family=FLASH_ATTN_EXT,11,FLASH_ATTN_EXT,FLASH_ATTN_EXT,False,1,0.078584,0.0763836,0.0801,0.02139148191533354,0.075417,0.0748332,0.0773918,0.017250435682242733,0.021084,0.0205168,0.021875,0.029132915700981924,1073664.0,1073664.0,1073664.0,0.0,24576.0,24576.0,24576.0,0.0,0.0,0.0,0.0,,0.0,0.0,0.0,,0.0,0.0,0.0,,0.0,0.0,0.0,
layer=11|op=GLU|family=GLU,11,GLU,GLU,False,1,0.047375,0.0466332,0.182475,0.6563946731366894,0.046334,0.0452502,0.1789836,0.6598578554771914,0.045584,0.043875,0.1804252,0.6730950397126303,139264.0,139264.0,139264.0,0.0,69632.0,69632.0,69632.0,0.0,0.0,0.0,0.0,,0.0,0.0,0.0,,0.0,0.0,0.0,,0.0,0.0,0.0,
layer=11|op=MUL_MAT|family=MUL_MAT,11,MUL_MAT,MUL_MAT,False,1,1.660125,1.612916,2.0415748000000002,0.1424257155471456,1.652667,1.6081996,2.0350828,0.1429633394515892,0.1415,0.1273998,0.21190040000000002,0.27064626923409446,8867840.0,8867840.0,8867840.0,0.0,20480.0,20480.0,20480.0,0.0,8847360.0,8847360.0,8847360.0,0.0,16711680.0,16711680.0,16711680.0,0.0,1.642125,1.5922168,1.9775828,0.12840126264600477,0.0,0.0,0.0,
layer=11|op=MUL|family=MUL,11,MUL,MUL,False,1,0.005417,0.0050332,0.016725,0.576825341920917,0.004584,0.0041336,0.015641600000000002,0.6268558002448377,0.004375,0.003609,0.0154082,0.6642598733190899,49152.0,49152.0,49152.0,0.0,24576.0,24576.0,24576.0,0.0,0.0,0.0,0.0,,0.0,0.0,0.0,,0.0,0.0,0.0,,0.0,0.0,0.0,
layer=11|op=RMS_NORM|family=fused:RMS_NORM,11,RMS_NORM,fused:RMS_NORM,True,2,0.0115835,0.0112584,0.0350583,0.6906279629896938,0.010624999999999999,0.0103999,0.0227205,0.4277343360885578,0.0103125,0.0098668,0.0299001,0.7616169997733184,20480.0,20480.0,20480.0,0.0,20480.0,20480.0,20480.0,0.0,0.0,0.0,0.0,,0.0,0.0,0.0,,0.0,0.0,0.0,,0.0,0.0,0.0,
layer=11|op=ROPE|family=ROPE,11,ROPE,ROPE,False,1,0.013979,0.013487700000000002,0.0161705,0.08670221895573488,0.011896,0.011625,0.0135706,0.09155387350015529,0.009292,0.0086205,0.0099043,0.06101763167111311,14352.0,14352.0,14352.0,0.0,14336.0,14336.0,14336.0,0.0,0.0,0.0,0.0,,0.0,0.0,0.0,,0.0,0.0,0.0,,0.0,0.0,0.0,
layer=11|op=UNARY|family=UNARY,11,UNARY,UNARY,False,1,0.058917,0.0577328,0.2197498,0.6447900190580266,0.057834,0.0566414,0.218675,0.6505912643638111,0.056792,0.0558246,0.218233,0.6562638784161563,24576.0,24576.0,24576.0,0.0,24576.0,24576.0,24576.0,0.0,0.0,0.0,0.0,,0.0,0.0,0.0,,0.0,0.0,0.0,,0.0,0.0,0.0,
layer=12|op=ADD|family=ADD,12,ADD,ADD,False,1,0.010729,0.0100377,0.0183623,0.29567944726262274,0.0095,0.0088751,0.0161747,0.2921568550660593,0.008729,0.0079501,0.016399900000000002,0.3530324775306192,40960.0,40960.0,40960.0,0.0,20480.0,20480.0,20480.0,0.0,0.0,0.0,0.0,,0.0,0.0,0.0,,0.0,0.0,0.0,,0.0,0.0,0.0,
layer=12|op=CONCAT|family=CONCAT,12,CONCAT,CONCAT,False,1,0.219875,0.10394199999999999,0.2204504,0.32196347454200974,0.21675,0.0959918,0.218284,0.34679919436513373,0.2185,0.1016998,0.2189002,0.3274142588024355,163840.0,163840.0,163840.0,0.0,163840.0,163840.0,163840.0,0.0,0.0,0.0,0.0,,0.0,0.0,0.0,,0.0,0.0,0.0,,0.0,0.0,0.0,
layer=12|op=GATED_DELTA_NET|family=GATED_DELTA_NET,12,GATED_DELTA_NET,GATED_DELTA_NET,False,1,1.117167,1.09155,1.19865,0.042554143880691765,1.107542,1.0842582,1.1915418,0.043265474193992036,0.146,0.1081166,0.2209422,0.3123058263497306,3187072.0,3187072.0,3187072.0,0.0,3170304.0,3170304.0,3170304.0,0.0,0.0,0.0,0.0,,0.0,0.0,0.0,,0.0,0.0,0.0,,0.0,0.0,0.0,
layer=12|op=GET_ROWS|family=GET_ROWS,12,GET_ROWS,GET_ROWS,False,1,0.024417,0.0241836,0.0386582,0.23357531630034079,0.023,0.0229754,0.0372664,0.2422091857527457,0.023667,0.023125,0.0378834,0.24399332539777788,122884.0,122884.0,122884.0,0.0,122880.0,122880.0,122880.0,0.0,0.0,0.0,0.0,,0.0,0.0,0.0,,0.0,0.0,0.0,,0.0,0.0,0.0,
layer=12|op=GLU|family=GLU,12,GLU,GLU,False,1,0.047333,0.0469086,0.18254140000000002,0.6551272170407778,0.04625,0.0454588,0.1800164,0.6612367853966339,0.045166,0.0446166,0.1801412,0.6695706633209129,139264.0,139264.0,139264.0,0.0,69632.0,69632.0,69632.0,0.0,0.0,0.0,0.0,,0.0,0.0,0.0,,0.0,0.0,0.0,,0.0,0.0,0.0,
layer=12|op=L2_NORM|family=L2_NORM,12,L2_NORM,L2_NORM,False,1,0.006229,0.006028599999999999,0.0069087,0.07067662705376108,0.005,0.0049454,0.0056293,0.07623615477146094,0.0039795,0.0037914000000000003,0.0041998,0.046244628628060606,8192.0,8192.0,8192.0,0.0,8192.0,8192.0,8192.0,0.0,0.0,0.0,0.0,,0.0,0.0,0.0,,0.0,0.0,0.0,,0.0,0.0,0.0,
layer=12|op=MUL_MAT|family=MUL_MAT,12,MUL_MAT,MUL_MAT,False,1,2.289916,2.2678,2.3023838,0.006768887405095026,2.283708,2.2611166,2.2968668,0.007042437758069299,0.181334,0.173725,0.2101078,0.08700283518296303,12554240.0,12554240.0,12554240.0,0.0,24576.0,24576.0,24576.0,0.0,12533760.0,12533760.0,12533760.0,0.0,23674880.0,23674880.0,23674880.0,0.0,2.260041,2.2494921999999997,2.2772164,0.005558124210078397,0.0,0.0,0.0,
layer=12|op=MUL|family=MUL,12,MUL,MUL,False,1,0.003542,0.003,0.003792,0.1048042248377176,0.002083,0.0019664,0.0023832,0.09227827597226912,0.001875,0.00175,0.0023338,0.13381389535179283,384.0,384.0,384.0,0.0,192.0,192.0,192.0,0.0,0.0,0.0,0.0,,0.0,0.0,0.0,,0.0,0.0,0.0,,0.0,0.0,0.0,
layer=12|op=RMS_NORM|family=fused:RMS_NORM,12,RMS_NORM,fused:RMS_NORM,True,2,0.051417,0.0279168,0.0907332,0.4932623845227367,0.032,0.019125800000000002,0.045675,0.3822521859978961,0.050042,0.020108800000000003,0.06721640000000001,0.46584040966613666,20480.0,20480.0,20480.0,0.0,20480.0,20480.0,20480.0,0.0,0.0,0.0,0.0,,0.0,0.0,0.0,,0.0,0.0,0.0,,0.0,0.0,0.0,
layer=12|op=SSM_CONV|family=SSM_CONV,12,SSM_CONV,SSM_CONV,False,1,0.041458,0.03955,0.0455918,0.06626080269007859,0.039916,0.038291,0.044,0.06532028982407204,0.014833,0.0127002,0.019308000000000002,0.21153338384038234,327680.0,327680.0,327680.0,0.0,40960.0,40960.0,40960.0,0.0,0.0,0.0,0.0,,0.0,0.0,0.0,,0.0,0.0,0.0,,0.0,0.0,0.0,
layer=12|op=UNARY|family=UNARY,12,UNARY,UNARY,False,1,0.004542,0.0044666,0.025358600000000002,0.7955805372887931,0.003666,0.0034082,0.0043166,0.10707537398276297,0.003291,0.0029334,0.0235414,0.8919618793719305,192.0,192.0,192.0,0.0,192.0,192.0,192.0,0.0,0.0,0.0,0.0,,0.0,0.0,0.0,,0.0,0.0,0.0,,0.0,0.0,0.0,
layer=13|op=ADD|family=ADD,13,ADD,ADD,False,1,0.0116665,0.0112833,0.19992900000000002,1.6664049179807592,0.010458499999999999,0.0099246,0.0122879,0.11927958638836338,0.009646,0.008966700000000001,0.1968496,1.713339044829142,40960.0,40960.0,40960.0,0.0,20480.0,20480.0,20480.0,0.0,0.0,0.0,0.0,,0.0,0.0,0.0,,0.0,0.0,0.0,,0.0,0.0,0.0,
layer=13|op=CONCAT|family=CONCAT,13,CONCAT,CONCAT,False,1,0.088708,0.0875084,0.2193254,0.45771670834604783,0.087667,0.08639999999999999,0.2165668,0.45758924644119653,0.087333,0.0858246,0.218116,0.4635808536332017,163840.0,163840.0,163840.0,0.0,163840.0,163840.0,163840.0,0.0,0.0,0.0,0.0,,0.0,0.0,0.0,,0.0,0.0,0.0,,0.0,0.0,0.0,
layer=13|op=GATED_DELTA_NET|family=GATED_DELTA_NET,13,GATED_DELTA_NET,GATED_DELTA_NET,False,1,1.13875,1.1022585999999999,1.2501582,0.05748301343822132,1.123666,1.095317,1.2087252,0.05342937089699558,0.235958,0.1731504,0.34832500000000005,0.350886609920167,3187072.0,3187072.0,3187072.0,0.0,3170304.0,3170304.0,3170304.0,0.0,0.0,0.0,0.0,,0.0,0.0,0.0,,0.0,0.0,0.0,,0.0,0.0,0.0,
layer=13|op=GET_ROWS|family=GET_ROWS,13,GET_ROWS,GET_ROWS,False,1,0.026292,0.023892,0.0392584,0.23312910863511035,0.023709,0.022750199999999998,0.0379754,0.24943216807716193,0.025083,0.0227086,0.0383912,0.2468489110647934,122884.0,122884.0,122884.0,0.0,122880.0,122880.0,122880.0,0.0,0.0,0.0,0.0,,0.0,0.0,0.0,,0.0,0.0,0.0,,0.0,0.0,0.0,
layer=13|op=GLU|family=GLU,13,GLU,GLU,False,1,0.047541,0.0467254,0.0481168,0.01383075602643168,0.046209,0.0453998,0.0464832,0.010642559991646918,0.044625,0.044016799999999995,0.0452168,0.012686940101264718,139264.0,139264.0,139264.0,0.0,69632.0,69632.0,69632.0,0.0,0.0,0.0,0.0,,0.0,0.0,0.0,,0.0,0.0,0.0,,0.0,0.0,0.0,
layer=13|op=L2_NORM|family=L2_NORM,13,L2_NORM,L2_NORM,False,1,0.0060835,0.005878899999999999,0.37813710000000006,1.9069273367044153,0.004958000000000001,0.004796099999999999,0.005821000000000001,0.11758239685149571,0.003792,0.0036248,0.3756957000000001,1.9397348626955038,8192.0,8192.0,8192.0,0.0,8192.0,8192.0,8192.0,0.0,0.0,0.0,0.0,,0.0,0.0,0.0,,0.0,0.0,0.0,,0.0,0.0,0.0,
layer=13|op=MUL_MAT|family=MUL_MAT,13,MUL_MAT,MUL_MAT,False,1,2.297375,2.2711582,2.3098668,0.00763003643582259,2.291667,2.265758,2.3047168,0.007702176081235484,0.170375,0.1480918,0.23029200000000002,0.2247433224949085,12554240.0,12554240.0,12554240.0,0.0,24576.0,24576.0,24576.0,0.0,12533760.0,12533760.0,12533760.0,0.0,23674880.0,23674880.0,23674880.0,0.0,2.252333,2.249984,2.2812834,0.006569935864385909,0.0,0.0,0.0,
layer=13|op=MUL|family=MUL,13,MUL,MUL,False,1,0.003625,0.0032421999999999998,0.015216800000000003,1.032085492482866,0.002083,0.0018752,0.004458200000000001,0.530486856683507,0.001875,0.0017836,0.012916800000000003,1.3325502795660342,384.0,384.0,384.0,0.0,192.0,192.0,192.0,0.0,0.0,0.0,0.0,,0.0,0.0,0.0,,0.0,0.0,0.0,,0.0,0.0,0.0,
layer=13|op=RMS_NORM|family=fused:RMS_NORM,13,RMS_NORM,fused:RMS_NORM,True,2,0.047333,0.0259254,0.051683,0.35250806839850096,0.0255,0.0130588,0.0366746,0.4522191067930079,0.027958,0.0175086,0.0501254,0.44932412757316215,20480.0,20480.0,20480.0,0.0,20480.0,20480.0,20480.0,0.0,0.0,0.0,0.0,,0.0,0.0,0.0,,0.0,0.0,0.0,,0.0,0.0,0.0,
layer=13|op=SSM_CONV|family=SSM_CONV,13,SSM_CONV,SSM_CONV,False,1,0.042625,0.0396328,0.3968828,1.4803640794002284,0.041291,0.038583,0.0423252,0.04330012929191929,0.016916,0.0163328,0.3788414000000001,1.7340214127419407,327680.0,327680.0,327680.0,0.0,40960.0,40960.0,40960.0,0.0,0.0,0.0,0.0,,0.0,0.0,0.0,,0.0,0.0,0.0,,0.0,0.0,0.0,
layer=13|op=UNARY|family=UNARY,13,UNARY,UNARY,False,1,0.004708,0.0045084,0.20487500000000006,1.7330059653521674,0.003459,0.003258,0.0047498,0.18328642949761084,0.003583,0.0032502,0.20290880000000003,1.7651995408063768,192.0,192.0,192.0,0.0,192.0,192.0,192.0,0.0,0.0,0.0,0.0,,0.0,0.0,0.0,,0.0,0.0,0.0,,0.0,0.0,0.0,
layer=14|op=ADD|family=ADD,14,ADD,ADD,False,1,0.011979,0.0112375,0.0203082,0.30705512774162064,0.010354,0.0098584,0.0173,0.283470663245894,0.0098755,0.009354,0.0179372,0.3345838822451352,40960.0,40960.0,40960.0,0.0,20480.0,20480.0,20480.0,0.0,0.0,0.0,0.0,,0.0,0.0,0.0,,0.0,0.0,0.0,,0.0,0.0,0.0,
layer=14|op=CONCAT|family=CONCAT,14,CONCAT,CONCAT,False,1,0.088333,0.0879668,0.41448320000000005,1.103902729419902,0.086875,0.086708,0.1676582,0.47308018716469064,0.087083,0.0861004,0.4124582,1.1123375874874628,163840.0,163840.0,163840.0,0.0,163840.0,163840.0,163840.0,0.0,0.0,0.0,0.0,,0.0,0.0,0.0,,0.0,0.0,0.0,,0.0,0.0,0.0,
layer=14|op=GATED_DELTA_NET|family=GATED_DELTA_NET,14,GATED_DELTA_NET,GATED_DELTA_NET,False,1,1.169375,1.1231332,1.300984,0.08209940420952866,1.162,1.1159914,1.2908588,0.08165783786958473,0.189209,0.133659,0.2633666,0.2902469665580054,3187072.0,3187072.0,3187072.0,0.0,3170304.0,3170304.0,3170304.0,0.0,0.0,0.0,0.0,,0.0,0.0,0.0,,0.0,0.0,0.0,,0.0,0.0,0.0,
layer=14|op=GET_ROWS|family=GET_ROWS,14,GET_ROWS,GET_ROWS,False,1,0.024084,0.0233334,0.3739418000000001,1.6604665521763422,0.023125,0.022017,0.024008,0.038060106606238014,0.02325,0.0227166,0.37266679999999996,1.6685799768326048,122884.0,122884.0,122884.0,0.0,122880.0,122880.0,122880.0,0.0,0.0,0.0,0.0,,0.0,0.0,0.0,,0.0,0.0,0.0,,0.0,0.0,0.0,
layer=14|op=GLU|family=GLU,14,GLU,GLU,False,1,0.047583,0.0468588,0.12862520000000002,0.7217842403835445,0.046333,0.045609,0.12479180000000001,0.724348963254379,0.044625,0.044425,0.12569980000000003,0.7520468902889622,139264.0,139264.0,139264.0,0.0,69632.0,69632.0,69632.0,0.0,0.0,0.0,0.0,,0.0,0.0,0.0,,0.0,0.0,0.0,,0.0,0.0,0.0,
layer=14|op=L2_NORM|family=L2_NORM,14,L2_NORM,L2_NORM,False,1,0.0064375000000000005,0.0061246,0.36999150000000003,1.8985028770804206,0.005271,0.0047,0.0059625,0.1114101387153142,0.0042705,0.0038208,0.3671875,1.9332255465257844,8192.0,8192.0,8192.0,0.0,8192.0,8192.0,8192.0,0.0,0.0,0.0,0.0,,0.0,0.0,0.0,,0.0,0.0,0.0,,0.0,0.0,0.0,
layer=14|op=MUL_MAT|family=MUL_MAT,14,MUL_MAT,MUL_MAT,False,1,2.265667,2.2619998,2.2929422,0.00691734505372413,2.262208,2.2573086,2.2866418,0.006511549018112278,0.174125,0.1596,0.2091004,0.12355026344499734,12554240.0,12554240.0,12554240.0,0.0,24576.0,24576.0,24576.0,0.0,12533760.0,12533760.0,12533760.0,0.0,23674880.0,23674880.0,23674880.0,0.0,2.248084,2.2392832,2.2659416,0.006197116274153333,0.0,0.0,0.0,
layer=14|op=MUL|family=MUL,14,MUL,MUL,False,1,0.003417,0.0031418,0.36733340000000014,1.9468446591443689,0.002375,0.0020834,0.0035752,0.31079240550018034,0.002,0.0016413999999999999,0.3652250000000001,1.9703461085328307,384.0,384.0,384.0,0.0,192.0,192.0,192.0,0.0,0.0,0.0,0.0,,0.0,0.0,0.0,,0.0,0.0,0.0,,0.0,0.0,0.0,
layer=14|op=RMS_NORM|family=fused:RMS_NORM,14,RMS_NORM,fused:RMS_NORM,True,2,0.0515,0.027616599999999998,0.24169180000000004,1.2298467733063347,0.040375,0.013058,0.0419662,0.4554684018811303,0.050625,0.026541400000000003,0.22805000000000003,1.2120907140311474,20480.0,20480.0,20480.0,0.0,20480.0,20480.0,20480.0,0.0,0.0,0.0,0.0,,0.0,0.0,0.0,,0.0,0.0,0.0,,0.0,0.0,0.0,
layer=14|op=SSM_CONV|family=SSM_CONV,14,SSM_CONV,SSM_CONV,False,1,0.043708,0.0418498,0.40578380000000003,1.472809255253284,0.042042,0.040558000000000004,0.045575199999999996,0.05665134452270518,0.016667,0.0153248,0.37917520000000005,1.7553849441441318,327680.0,327680.0,327680.0,0.0,40960.0,40960.0,40960.0,0.0,0.0,0.0,0.0,,0.0,0.0,0.0,,0.0,0.0,0.0,,0.0,0.0,0.0,
layer=14|op=UNARY|family=UNARY,14,UNARY,UNARY,False,1,0.004667,0.0044916,0.36935,1.9260328222998038,0.003583,0.0034582,0.0049918,0.23258186829408836,0.003209,0.0029582,0.3670918,1.948937313521124,192.0,192.0,192.0,0.0,192.0,192.0,192.0,0.0,0.0,0.0,0.0,,0.0,0.0,0.0,,0.0,0.0,0.0,,0.0,0.0,0.0,
layer=15|op=ADD|family=ADD,15,ADD,ADD,False,1,0.011896,0.010349899999999999,0.0193167,0.30519049810448806,0.010542,0.009091400000000001,0.016929,0.2972349415657866,0.010146,0.0084623,0.0173996,0.3471951333747416,40960.0,40960.0,40960.0,0.0,20480.0,20480.0,20480.0,0.0,0.0,0.0,0.0,,0.0,0.0,0.0,,0.0,0.0,0.0,,0.0,0.0,0.0,
layer=15|op=CONT|family=CONT,15,CONT,CONT,False,1,0.008958,0.0084252,0.009208599999999999,0.040081958677747116,0.007375,0.0071168,0.0076584,0.03468608364511367,0.004958,0.0042836,0.005992,0.1553247810456338,48128.0,48128.0,48128.0,0.0,24576.0,24576.0,24576.0,0.0,0.0,0.0,0.0,,0.0,0.0,0.0,,0.0,0.0,0.0,,0.0,0.0,0.0,
layer=15|op=FLASH_ATTN_EXT|family=FLASH_ATTN_EXT,15,FLASH_ATTN_EXT,FLASH_ATTN_EXT,False,1,0.076166,0.0744666,0.0793162,0.02813775856442548,0.073708,0.07275799999999999,0.0774832,0.02896445686868975,0.021541,0.019767200000000002,0.021899799999999997,0.04659509333797818,1073664.0,1073664.0,1073664.0,0.0,24576.0,24576.0,24576.0,0.0,0.0,0.0,0.0,,0.0,0.0,0.0,,0.0,0.0,0.0,,0.0,0.0,0.0,
layer=15|op=GLU|family=GLU,15,GLU,GLU,False,1,0.047875,0.0467418,0.18325,0.6561556962810721,0.046125,0.0456164,0.1287328,0.7165642400778081,0.045292,0.0448336,0.180709,0.6692391624034638,139264.0,139264.0,139264.0,0.0,69632.0,69632.0,69632.0,0.0,0.0,0.0,0.0,,0.0,0.0,0.0,,0.0,0.0,0.0,,0.0,0.0,0.0,
layer=15|op=MUL_MAT|family=MUL_MAT,15,MUL_MAT,MUL_MAT,False,1,1.648208,1.6190584,1.8620664,0.06566039266799871,1.641333,1.6123585999999999,1.7059913999999998,0.030391323316954107,0.152959,0.1262584,0.1765246,0.15208385937354735,8867840.0,8867840.0,8867840.0,0.0,20480.0,20480.0,20480.0,0.0,8847360.0,8847360.0,8847360.0,0.0,16711680.0,16711680.0,16711680.0,0.0,1.623333,1.5982578,1.694883,0.0312505629961667,0.0,0.0,0.0,
layer=15|op=MUL|family=MUL,15,MUL,MUL,False,1,0.005208,0.005058399999999999,0.0178,0.6090479816002249,0.004333,0.0041084,0.0153002,0.6293341578284306,0.003958,0.0037748,0.016308,0.6906225229795829,49152.0,49152.0,49152.0,0.0,24576.0,24576.0,24576.0,0.0,0.0,0.0,0.0,,0.0,0.0,0.0,,0.0,0.0,0.0,,0.0,0.0,0.0,
layer=15|op=RMS_NORM|family=fused:RMS_NORM,15,RMS_NORM,fused:RMS_NORM,True,2,0.014771000000000001,0.0112876,0.0381001,0.729313554882263,0.0114165,0.0103501,0.017792000000000002,0.25959544560719283,0.0101665,0.0100291,0.0350042,0.886835718439149,20480.0,20480.0,20480.0,0.0,20480.0,20480.0,20480.0,0.0,0.0,0.0,0.0,,0.0,0.0,0.0,,0.0,0.0,0.0,,0.0,0.0,0.0,
layer=15|op=ROPE|family=ROPE,15,ROPE,ROPE,False,1,0.014104499999999999,0.013029,0.0169791,0.12058757725388387,0.0116875,0.0110751,0.0137082,0.09764559912271349,0.0094165,0.0084293,0.009787700000000002,0.07283817957865729,14352.0,14352.0,14352.0,0.0,14336.0,14336.0,14336.0,0.0,0.0,0.0,0.0,,0.0,0.0,0.0,,0.0,0.0,0.0,,0.0,0.0,0.0,
layer=15|op=UNARY|family=UNARY,15,UNARY,UNARY,False,1,0.058125,0.0578498,0.2438168,0.6886601478840423,0.057125,0.0568752,0.2183586,0.6505717746434577,0.055958,0.0556248,0.2421834,0.7012428481222359,24576.0,24576.0,24576.0,0.0,24576.0,24576.0,24576.0,0.0,0.0,0.0,0.0,,0.0,0.0,0.0,,0.0,0.0,0.0,,0.0,0.0,0.0,
layer=16|op=ADD|family=ADD,16,ADD,ADD,False,1,0.0111875,0.0102501,0.0192627,0.3139339768653635,0.009833000000000001,0.008799900000000001,0.0167582,0.310310713413728,0.009125,0.0082209,0.0173668,0.37279103281027604,40960.0,40960.0,40960.0,0.0,20480.0,20480.0,20480.0,0.0,0.0,0.0,0.0,,0.0,0.0,0.0,,0.0,0.0,0.0,,0.0,0.0,0.0,
layer=16|op=CONCAT|family=CONCAT,16,CONCAT,CONCAT,False,1,0.088416,0.0870668,0.19245880000000004,0.5655210773998877,0.086875,0.08601679999999999,0.16630820000000002,0.466324956814455,0.086208,0.0856248,0.1908748,0.5746733798268712,163840.0,163840.0,163840.0,0.0,163840.0,163840.0,163840.0,0.0,0.0,0.0,0.0,,0.0,0.0,0.0,,0.0,0.0,0.0,,0.0,0.0,0.0,
layer=16|op=GATED_DELTA_NET|family=GATED_DELTA_NET,16,GATED_DELTA_NET,GATED_DELTA_NET,False,1,1.153625,1.09915,1.2101,0.045523681787189206,1.145,1.0866664,1.2018336,0.04792652781389489,0.236333,0.1213504,0.28957499999999997,0.3570127336187904,3187072.0,3187072.0,3187072.0,0.0,3170304.0,3170304.0,3170304.0,0.0,0.0,0.0,0.0,,0.0,0.0,0.0,,0.0,0.0,0.0,,0.0,0.0,0.0,
layer=16|op=GET_ROWS|family=GET_ROWS,16,GET_ROWS,GET_ROWS,False,1,0.024292,0.0228502,0.032667,0.20652745605643777,0.022917,0.021733199999999998,0.0312332,0.21376458447783853,0.023542,0.0220836,0.0318666,0.21189024176942511,122884.0,122884.0,122884.0,0.0,122880.0,122880.0,122880.0,0.0,0.0,0.0,0.0,,0.0,0.0,0.0,,0.0,0.0,0.0,,0.0,0.0,0.0,
layer=16|op=GLU|family=GLU,16,GLU,GLU,False,1,0.047,0.0467748,0.1844578,0.6610883044509683,0.045875,0.045575199999999996,0.180633,0.6627662636417917,0.044583,0.0441584,0.1820664,0.6782991142163959,139264.0,139264.0,139264.0,0.0,69632.0,69632.0,69632.0,0.0,0.0,0.0,0.0,,0.0,0.0,0.0,,0.0,0.0,0.0,,0.0,0.0,0.0,
layer=16|op=L2_NORM|family=L2_NORM,16,L2_NORM,L2_NORM,False,1,0.006625,0.0059581,0.0682915,1.5163767213045718,0.005333,0.0048752000000000005,0.005820499999999999,0.0840223467897668,0.00425,0.0040371,0.06541250000000001,1.6510764965077307,8192.0,8192.0,8192.0,0.0,8192.0,8192.0,8192.0,0.0,0.0,0.0,0.0,,0.0,0.0,0.0,,0.0,0.0,0.0,,0.0,0.0,0.0,
layer=16|op=MUL_MAT|family=MUL_MAT,16,MUL_MAT,MUL_MAT,False,1,2.286375,2.2626581999999997,2.3204832,0.011149912240497231,2.280042,2.2574252,2.3131418,0.010818115429796655,0.207,0.1570088,0.215241,0.1412055542561134,12554240.0,12554240.0,12554240.0,0.0,24576.0,24576.0,24576.0,0.0,12533760.0,12533760.0,12533760.0,0.0,23674880.0,23674880.0,23674880.0,0.0,2.267541,2.2443832,2.2888328000000002,0.008904981053628457,0.0,0.0,0.0,
layer=16|op=MUL|family=MUL,16,MUL,MUL,False,1,0.003167,0.0030668,0.0033082,0.03756159316335795,0.002209,0.0019672,0.0025338,0.12004799666288135,0.001708,0.0015002,0.0020752,0.16515569804916955,384.0,384.0,384.0,0.0,192.0,192.0,192.0,0.0,0.0,0.0,0.0,,0.0,0.0,0.0,,0.0,0.0,0.0,,0.0,0.0,0.0,
layer=16|op=RMS_NORM|family=fused:RMS_NORM,16,RMS_NORM,fused:RMS_NORM,True,2,0.050333,0.0134086,0.249734,1.220185077240021,0.016708,0.011792,0.040875800000000004,0.6083789927923126,0.049208,0.011658,0.23061700000000002,1.2764061200825363,20480.0,20480.0,20480.0,0.0,20480.0,20480.0,20480.0,0.0,0.0,0.0,0.0,,0.0,0.0,0.0,,0.0,0.0,0.0,,0.0,0.0,0.0,
layer=16|op=SSM_CONV|family=SSM_CONV,16,SSM_CONV,SSM_CONV,False,1,0.04075,0.0394914,0.4191836000000001,1.51082460828166,0.039416,0.037833399999999996,0.05083360000000001,0.1664194004204287,0.017292,0.0154496,0.392442,1.7662604233644887,327680.0,327680.0,327680.0,0.0,40960.0,40960.0,40960.0,0.0,0.0,0.0,0.0,,0.0,0.0,0.0,,0.0,0.0,0.0,,0.0,0.0,0.0,
layer=16|op=UNARY|family=UNARY,16,UNARY,UNARY,False,1,0.025833,0.004174799999999999,0.026008200000000002,0.6165118145935239,0.004167,0.0032334,0.009808,0.6852269193892703,0.0235,0.00295,0.0239584,0.6583837723527858,192.0,192.0,192.0,0.0,192.0,192.0,192.0,0.0,0.0,0.0,0.0,,0.0,0.0,0.0,,0.0,0.0,0.0,,0.0,0.0,0.0,
layer=17|op=ADD|family=ADD,17,ADD,ADD,False,1,0.011125,0.0100542,0.19349580000000005,1.7021513069206722,0.009770999999999998,0.0089712,0.0124327,0.18345586714425052,0.008625,0.0075291,0.19151220000000002,1.7635686976353067,40960.0,40960.0,40960.0,0.0,20480.0,20480.0,20480.0,0.0,0.0,0.0,0.0,,0.0,0.0,0.0,,0.0,0.0,0.0,,0.0,0.0,0.0,
layer=17|op=CONCAT|family=CONCAT,17,CONCAT,CONCAT,False,1,0.171416,0.08863359999999999,0.2203914,0.37538876558054374,0.0895,0.087267,0.16827460000000002,0.4472212024549535,0.170375,0.0868004,0.2182836,0.37884775072771765,163840.0,163840.0,163840.0,0.0,163840.0,163840.0,163840.0,0.0,0.0,0.0,0.0,,0.0,0.0,0.0,,0.0,0.0,0.0,,0.0,0.0,0.0,
layer=17|op=GATED_DELTA_NET|family=GATED_DELTA_NET,17,GATED_DELTA_NET,GATED_DELTA_NET,False,1,1.138041,1.0813,1.2028334,0.047154008033075956,1.133416,1.072767,1.1935916,0.04714069868350853,0.192458,0.106558,0.234383,0.32701861379119945,3187072.0,3187072.0,3187072.0,0.0,3170304.0,3170304.0,3170304.0,0.0,0.0,0.0,0.0,,0.0,0.0,0.0,,0.0,0.0,0.0,,0.0,0.0,0.0,
layer=17|op=GET_ROWS|family=GET_ROWS,17,GET_ROWS,GET_ROWS,False,1,0.024375,0.0236582,0.04855,0.3838564876352177,0.02325,0.0224578,0.039633800000000004,0.2801009726897208,0.02375,0.0228086,0.0477082,0.3920472736742975,122884.0,122884.0,122884.0,0.0,122880.0,122880.0,122880.0,0.0,0.0,0.0,0.0,,0.0,0.0,0.0,,0.0,0.0,0.0,,0.0,0.0,0.0,
layer=17|op=GLU|family=GLU,17,GLU,GLU,False,1,0.047166,0.0469922,0.12883320000000004,0.7320591639753187,0.045875,0.045584,0.0485668,0.03950007358533724,0.044667,0.0439832,0.1270164,0.7616206144357996,139264.0,139264.0,139264.0,0.0,69632.0,69632.0,69632.0,0.0,0.0,0.0,0.0,,0.0,0.0,0.0,,0.0,0.0,0.0,,0.0,0.0,0.0,
layer=17|op=L2_NORM|family=L2_NORM,17,L2_NORM,L2_NORM,False,1,0.0065205,0.0059666,0.38347060000000005,1.9049644251545654,0.005271,0.0048002,0.0061166,0.12434183332239213,0.003917,0.0038582,0.38103290000000006,1.9388449008287387,8192.0,8192.0,8192.0,0.0,8192.0,8192.0,8192.0,0.0,0.0,0.0,0.0,,0.0,0.0,0.0,,0.0,0.0,0.0,,0.0,0.0,0.0,
layer=17|op=MUL_MAT|family=MUL_MAT,17,MUL_MAT,MUL_MAT,False,1,2.273083,2.2695168,2.2816246,0.0028365837531160077,2.267458,2.2642338,2.275433,0.002674696164771809,0.177833,0.14088320000000001,0.212925,0.17922976707172228,12554240.0,12554240.0,12554240.0,0.0,24576.0,24576.0,24576.0,0.0,12533760.0,12533760.0,12533760.0,0.0,23674880.0,23674880.0,23674880.0,0.0,2.256875,2.2485916,2.2633664000000002,0.0030959238201481607,0.0,0.0,0.0,
layer=17|op=MUL|family=MUL,17,MUL,MUL,False,1,0.003083,0.0029922,0.018091600000000003,1.2329803413119647,0.002167,0.0019754,0.005591400000000002,0.7026115140814716,0.001875,0.0017748,0.0165414,1.4354087908255497,384.0,384.0,384.0,0.0,192.0,192.0,192.0,0.0,0.0,0.0,0.0,,0.0,0.0,0.0,,0.0,0.0,0.0,,0.0,0.0,0.0,
layer=17|op=RMS_NORM|family=fused:RMS_NORM,17,RMS_NORM,fused:RMS_NORM,True,2,0.053,0.028324799999999997,0.3583496,0.9407824554265789,0.026041,0.0117416,0.0349334,0.4450083711957704,0.051584,0.0196666,0.3377912,0.9754493721463512,20480.0,20480.0,20480.0,0.0,20480.0,20480.0,20480.0,0.0,0.0,0.0,0.0,,0.0,0.0,0.0,,0.0,0.0,0.0,,0.0,0.0,0.0,
layer=17|op=SSM_CONV|family=SSM_CONV,17,SSM_CONV,SSM_CONV,False,1,0.0455,0.039975000000000004,0.6450664,1.0435847239090794,0.042207,0.0385834,0.0524998,0.14286652716041376,0.024334,0.018608200000000002,0.6188752000000001,1.1277875265981978,327680.0,327680.0,327680.0,0.0,40960.0,40960.0,40960.0,0.0,0.0,0.0,0.0,,0.0,0.0,0.0,,0.0,0.0,0.0,,0.0,0.0,0.0,
layer=17|op=UNARY|family=UNARY,17,UNARY,UNARY,False,1,0.004709,0.004542,0.20635840000000005,1.735548551001036,0.003417,0.0033334000000000003,0.008183000000000001,0.5816147197974721,0.003125,0.0028338,0.20152460000000005,1.817050413472571,192.0,192.0,192.0,0.0,192.0,192.0,192.0,0.0,0.0,0.0,0.0,,0.0,0.0,0.0,,0.0,0.0,0.0,,0.0,0.0,0.0,
layer=18|op=ADD|family=ADD,18,ADD,ADD,False,1,0.020791999999999998,0.0099499,0.20175850000000004,1.5919220114961574,0.0150625,0.0087625,0.018699900000000002,0.3152391288130773,0.019063,0.0079501,0.19966250000000002,1.6343633256444183,40960.0,40960.0,40960.0,0.0,20480.0,20480.0,20480.0,0.0,0.0,0.0,0.0,,0.0,0.0,0.0,,0.0,0.0,0.0,,0.0,0.0,0.0,
layer=18|op=CONCAT|family=CONCAT,18,CONCAT,CONCAT,False,1,0.08825,0.08798339999999999,0.166975,0.4587391439336741,0.086667,0.08639999999999999,0.16477540000000002,0.4620838887678725,0.086417,0.086133,0.16494999999999999,0.4643083350846043,163840.0,163840.0,163840.0,0.0,163840.0,163840.0,163840.0,0.0,0.0,0.0,0.0,,0.0,0.0,0.0,,0.0,0.0,0.0,,0.0,0.0,0.0,
layer=18|op=GATED_DELTA_NET|family=GATED_DELTA_NET,18,GATED_DELTA_NET,GATED_DELTA_NET,False,1,1.120583,1.0741412000000001,1.1875168,0.046276728350271024,1.113833,1.0681496,1.180709,0.04639493191023944,0.108042,0.0930084,0.15913280000000002,0.27290920670909324,3187072.0,3187072.0,3187072.0,0.0,3170304.0,3170304.0,3170304.0,0.0,0.0,0.0,0.0,,0.0,0.0,0.0,,0.0,0.0,0.0,,0.0,0.0,0.0,
layer=18|op=GET_ROWS|family=GET_ROWS,18,GET_ROWS,GET_ROWS,False,1,0.023667,0.0234914,0.20438380000000003,1.3576389654483432,0.022459,0.022208199999999997,0.040708600000000005,0.3027791465998224,0.022833,0.022566799999999998,0.2025836,1.3737906631552148,122884.0,122884.0,122884.0,0.0,122880.0,122880.0,122880.0,0.0,0.0,0.0,0.0,,0.0,0.0,0.0,,0.0,0.0,0.0,,0.0,0.0,0.0,
layer=18|op=GLU|family=GLU,18,GLU,GLU,False,1,0.179,0.0644588,0.1840166,0.418539839887163,0.055376,0.0464338,0.1779248,0.6230530695314361,0.177,0.0625254,0.1813248,0.4235992453394846,139264.0,139264.0,139264.0,0.0,69632.0,69632.0,69632.0,0.0,0.0,0.0,0.0,,0.0,0.0,0.0,,0.0,0.0,0.0,,0.0,0.0,0.0,
layer=18|op=L2_NORM|family=L2_NORM,18,L2_NORM,L2_NORM,False,1,0.006667,0.0063455000000000004,0.0071748,0.05539961712691293,0.0052085,0.0048711,0.0053833,0.04431657760702293,0.004229,0.0040709000000000006,0.0046540999999999996,0.0748116711893855,8192.0,8192.0,8192.0,0.0,8192.0,8192.0,8192.0,0.0,0.0,0.0,0.0,,0.0,0.0,0.0,,0.0,0.0,0.0,,0.0,0.0,0.0,
layer=18|op=MUL_MAT|family=MUL_MAT,18,MUL_MAT,MUL_MAT,False,1,2.281041,2.2799664,2.290241,0.0025492120704443304,2.276375,2.2731668,2.2845162,0.0026082312189737596,0.171583,0.15284999999999999,0.2097336,0.14099141632291612,12554240.0,12554240.0,12554240.0,0.0,24576.0,24576.0,24576.0,0.0,12533760.0,12533760.0,12533760.0,0.0,23674880.0,23674880.0,23674880.0,0.0,2.258042,2.2519588,2.2717248,0.0044519712852002236,0.0,0.0,0.0,
layer=18|op=MUL|family=MUL,18,MUL,MUL,False,1,0.003417,0.0033252,0.0039668,0.09703507994668484,0.00225,0.0019916,0.0025088,0.10084620402169199,0.002042,0.0016418,0.002358,0.1591078250746958,384.0,384.0,384.0,0.0,192.0,192.0,192.0,0.0,0.0,0.0,0.0,,0.0,0.0,0.0,,0.0,0.0,0.0,,0.0,0.0,0.0,
layer=18|op=RMS_NORM|family=fused:RMS_NORM,18,RMS_NORM,fused:RMS_NORM,True,2,0.052125,0.027925000000000002,0.253209,1.25031223086453,0.027459,0.017616800000000002,0.040667,0.3663565677586725,0.032625,0.0188416,0.23609200000000005,1.3624835226295409,20480.0,20480.0,20480.0,0.0,20480.0,20480.0,20480.0,0.0,0.0,0.0,0.0,,0.0,0.0,0.0,,0.0,0.0,0.0,,0.0,0.0,0.0,
layer=18|op=SSM_CONV|family=SSM_CONV,18,SSM_CONV,SSM_CONV,False,1,0.042,0.040275,0.042566,0.02630524468419122,0.040334,0.0382662,0.0414662,0.03643254405140571,0.016209,0.014616800000000001,0.021433,0.19488539935106783,327680.0,327680.0,327680.0,0.0,40960.0,40960.0,40960.0,0.0,0.0,0.0,0.0,,0.0,0.0,0.0,,0.0,0.0,0.0,,0.0,0.0,0.0,
layer=18|op=UNARY|family=UNARY,18,UNARY,UNARY,False,1,0.004917,0.0043336,0.0256578,0.7962284192680361,0.003958,0.0033416,0.0044584,0.13059878283345733,0.003042,0.002792,0.0240748,0.9143344192063505,192.0,192.0,192.0,0.0,192.0,192.0,192.0,0.0,0.0,0.0,0.0,,0.0,0.0,0.0,,0.0,0.0,0.0,,0.0,0.0,0.0,
layer=19|op=ADD|family=ADD,19,ADD,ADD,False,1,0.011833,0.010979299999999999,0.0214706,0.3250625947500816,0.010478999999999999,0.0097959,0.0184997,0.30791554732849674,0.0093335,0.0083997,0.0193458,0.4015009573632714,40960.0,40960.0,40960.0,0.0,20480.0,20480.0,20480.0,0.0,0.0,0.0,0.0,,0.0,0.0,0.0,,0.0,0.0,0.0,,0.0,0.0,0.0,
layer=19|op=CONT|family=CONT,19,CONT,CONT,False,1,0.008417,0.008175,0.0095248,0.07080694996443007,0.007041,0.0068584,0.0073166,0.028812359994914022,0.00475,0.004667,0.0060084000000000005,0.13865583713461974,48128.0,48128.0,48128.0,0.0,24576.0,24576.0,24576.0,0.0,0.0,0.0,0.0,,0.0,0.0,0.0,,0.0,0.0,0.0,,0.0,0.0,0.0,
layer=19|op=FLASH_ATTN_EXT|family=FLASH_ATTN_EXT,19,FLASH_ATTN_EXT,FLASH_ATTN_EXT,False,1,0.07725,0.075367,0.0804584,0.0289762825071186,0.074292,0.0735252,0.0780162,0.027311422409514067,0.021166,0.020667,0.0217082,0.02201749214779116,1073664.0,1073664.0,1073664.0,0.0,24576.0,24576.0,24576.0,0.0,0.0,0.0,0.0,,0.0,0.0,0.0,,0.0,0.0,0.0,,0.0,0.0,0.0,
layer=19|op=GLU|family=GLU,19,GLU,GLU,False,1,0.1825,0.0477332,0.184525,0.5149545126632294,0.057251,0.0457254,0.1805164,0.6305085253855998,0.178917,0.045016799999999996,0.1815166,0.5253685787277652,139264.0,139264.0,139264.0,0.0,69632.0,69632.0,69632.0,0.0,0.0,0.0,0.0,,0.0,0.0,0.0,,0.0,0.0,0.0,,0.0,0.0,0.0,
layer=19|op=MUL_MAT|family=MUL_MAT,19,MUL_MAT,MUL_MAT,False,1,1.635042,1.6094086,2.1041328,0.1411243397445848,1.60725,1.6018004,2.0091918,0.1497765443621935,0.123417,0.11279220000000001,0.1998084,0.27217357378112966,8867840.0,8867840.0,8867840.0,0.0,20480.0,20480.0,20480.0,0.0,8847360.0,8847360.0,8847360.0,0.0,16711680.0,16711680.0,16711680.0,0.0,1.589458,1.585817,1.6252922,0.011584627734628037,0.0,0.0,0.0,
layer=19|op=MUL|family=MUL,19,MUL,MUL,False,1,0.005792,0.0052668,0.016550000000000002,0.5456151898467474,0.004959,0.0043496,0.015300000000000001,0.59073216235222,0.004375,0.0040834,0.0154252,0.6305540878635018,49152.0,49152.0,49152.0,0.0,24576.0,24576.0,24576.0,0.0,0.0,0.0,0.0,,0.0,0.0,0.0,,0.0,0.0,0.0,,0.0,0.0,0.0,
layer=19|op=RMS_NORM|family=fused:RMS_NORM,19,RMS_NORM,fused:RMS_NORM,True,2,0.016521,0.0115878,0.034991400000000006,0.49123706247739674,0.0120835,0.0105711,0.026837500000000004,0.528325530951831,0.011792,0.0099207,0.0313417,0.5389956137273834,20480.0,20480.0,20480.0,0.0,20480.0,20480.0,20480.0,0.0,0.0,0.0,0.0,,0.0,0.0,0.0,,0.0,0.0,0.0,,0.0,0.0,0.0,
layer=19|op=ROPE|family=ROPE,19,ROPE,ROPE,False,1,0.013770500000000001,0.013179200000000002,0.0180209,0.14953646090399608,0.0116245,0.0114,0.0127913,0.05328682799374283,0.0096045,0.0085833,0.0104333,0.08600723797434925,14352.0,14352.0,14352.0,0.0,14336.0,14336.0,14336.0,0.0,0.0,0.0,0.0,,0.0,0.0,0.0,,0.0,0.0,0.0,,0.0,0.0,0.0,
layer=19|op=UNARY|family=UNARY,19,UNARY,UNARY,False,1,0.058166,0.057858,0.22,0.6463859812915296,0.05725,0.0569998,0.2188666,0.6505122004351099,0.056041,0.055808,0.2185334,0.6586752212688897,24576.0,24576.0,24576.0,0.0,24576.0,24576.0,24576.0,0.0,0.0,0.0,0.0,,0.0,0.0,0.0,,0.0,0.0,0.0,,0.0,0.0,0.0,
layer=1|op=ADD|family=ADD,1,ADD,ADD,False,1,0.0158755,0.012483399999999999,0.19947090000000003,1.5931611033538573,0.013937499999999999,0.0104418,0.0168671,0.22242540382916026,0.0137085,0.0105628,0.19737930000000004,1.6348160066305306,40960.0,40960.0,40960.0,0.0,20480.0,20480.0,20480.0,0.0,0.0,0.0,0.0,,0.0,0.0,0.0,,0.0,0.0,0.0,,0.0,0.0,0.0,
layer=1|op=CONCAT|family=CONCAT,1,CONCAT,CONCAT,False,1,0.219208,0.08842499999999999,0.46272500000000005,0.7906370705672597,0.090584,0.0871498,0.2188166,0.45456140544310913,0.217958,0.08673339999999999,0.46056660000000005,0.7962235994165834,163840.0,163840.0,163840.0,0.0,163840.0,163840.0,163840.0,0.0,0.0,0.0,0.0,,0.0,0.0,0.0,,0.0,0.0,0.0,,0.0,0.0,0.0,
layer=1|op=GATED_DELTA_NET|family=GATED_DELTA_NET,1,GATED_DELTA_NET,GATED_DELTA_NET,False,1,1.1415,1.0937332,1.1703086,0.029830455012294865,1.13525,1.0848834,1.1628668,0.030702655501782364,0.166542,0.1191088,0.2455086,0.31428829265340186,3187072.0,3187072.0,3187072.0,0.0,3170304.0,3170304.0,3170304.0,0.0,0.0,0.0,0.0,,0.0,0.0,0.0,,0.0,0.0,0.0,,0.0,0.0,0.0,
layer=1|op=GET_ROWS|family=GET_ROWS,1,GET_ROWS,GET_ROWS,False,1,0.024083,0.0233746,0.0381666,0.23981118991348857,0.023041,0.0222996,0.0369578,0.24758923687248846,0.023042,0.0221834,0.036792,0.24737866367120473,122884.0,122884.0,122884.0,0.0,122880.0,122880.0,122880.0,0.0,0.0,0.0,0.0,,0.0,0.0,0.0,,0.0,0.0,0.0,,0.0,0.0,0.0,
layer=1|op=GLU|family=GLU,1,GLU,GLU,False,1,0.182334,0.0473082,0.18375,0.5164185965930196,0.17825,0.0458828,0.1808498,0.5194894687363205,0.179209,0.044174599999999994,0.18162540000000002,0.5302964582998931,139264.0,139264.0,139264.0,0.0,69632.0,69632.0,69632.0,0.0,0.0,0.0,0.0,,0.0,0.0,0.0,,0.0,0.0,0.0,,0.0,0.0,0.0,
layer=1|op=L2_NORM|family=L2_NORM,1,L2_NORM,L2_NORM,False,1,0.006812,0.0061166,0.0069997,0.06128541825247102,0.0053124999999999995,0.004921,0.005653999999999999,0.06108345945596183,0.004229,0.0039043000000000003,0.0043035999999999994,0.04549291869111876,8192.0,8192.0,8192.0,0.0,8192.0,8192.0,8192.0,0.0,0.0,0.0,0.0,,0.0,0.0,0.0,,0.0,0.0,0.0,,0.0,0.0,0.0,
layer=1|op=MUL_MAT|family=MUL_MAT,1,MUL_MAT,MUL_MAT,False,1,2.315667,2.2692588,2.3264586,0.011382509699655917,2.309333,2.2601498,2.3194332,0.0119176900277657,0.174041,0.1503918,0.25732540000000004,0.274344662771613,12554240.0,12554240.0,12554240.0,0.0,24576.0,24576.0,24576.0,0.0,12533760.0,12533760.0,12533760.0,0.0,23674880.0,23674880.0,23674880.0,0.0,2.251,2.2444584,2.2926332,0.009910283792206102,0.0,0.0,0.0,
layer=1|op=MUL|family=MUL,1,MUL,MUL,False,1,0.0035,0.0030746,0.003842,0.10324164072171647,0.002209,0.001925,0.0028254,0.20384606364178365,0.002,0.0017832,0.0025418,0.19139990308904106,384.0,384.0,384.0,0.0,192.0,192.0,192.0,0.0,0.0,0.0,0.0,,0.0,0.0,0.0,,0.0,0.0,0.0,,0.0,0.0,0.0,
layer=1|op=RMS_NORM|family=fused:RMS_NORM,1,RMS_NORM,fused:RMS_NORM,True,2,0.051583,0.0500084,0.0841172,0.34225174678393916,0.036083,0.0183088,0.0436754,0.35607565761005494,0.048958,0.0338332,0.0670668,0.325175063711592,20480.0,20480.0,20480.0,0.0,20480.0,20480.0,20480.0,0.0,0.0,0.0,0.0,,0.0,0.0,0.0,,0.0,0.0,0.0,,0.0,0.0,0.0,
layer=1|op=SSM_CONV|family=SSM_CONV,1,SSM_CONV,SSM_CONV,False,1,0.048125,0.0427418,0.0607578,0.16803643578759178,0.045709,0.0411996,0.054075,0.12180557008478467,0.01775,0.0153332,0.0214748,0.15071345552345725,327680.0,327680.0,327680.0,0.0,40960.0,40960.0,40960.0,0.0,0.0,0.0,0.0,,0.0,0.0,0.0,,0.0,0.0,0.0,,0.0,0.0,0.0,
layer=1|op=UNARY|family=UNARY,1,UNARY,UNARY,False,1,0.025,0.004533,0.0254338,0.5963897067965546,0.005,0.0036164,0.0088418,0.42795058029464067,0.023333,0.0029166,0.0239584,0.6591082554866123,192.0,192.0,192.0,0.0,192.0,192.0,192.0,0.0,0.0,0.0,0.0,,0.0,0.0,0.0,,0.0,0.0,0.0,,0.0,0.0,0.0,
layer=20|op=ADD|family=ADD,20,ADD,ADD,False,1,0.014416499999999999,0.0101207,0.0284955,0.5108412371895877,0.0113545,0.0086919,0.0192002,0.3546714703876099,0.0127495,0.0079914,0.025987200000000002,0.5825363828419311,40960.0,40960.0,40960.0,0.0,20480.0,20480.0,20480.0,0.0,0.0,0.0,0.0,,0.0,0.0,0.0,,0.0,0.0,0.0,,0.0,0.0,0.0,
layer=20|op=CONCAT|family=CONCAT,20,CONCAT,CONCAT,False,1,0.089791,0.087892,0.221016,0.4578906449461993,0.088666,0.0867584,0.1671914,0.4586823529854262,0.087166,0.0863498,0.219533,0.4651522792823792,163840.0,163840.0,163840.0,0.0,163840.0,163840.0,163840.0,0.0,0.0,0.0,0.0,,0.0,0.0,0.0,,0.0,0.0,0.0,,0.0,0.0,0.0,
layer=20|op=GATED_DELTA_NET|family=GATED_DELTA_NET,20,GATED_DELTA_NET,GATED_DELTA_NET,False,1,1.164583,1.0896668,1.1895499999999999,0.040751164286388926,1.156417,1.0821248,1.1822584,0.04138763232523833,0.225875,0.1061088,0.2807998,0.39454128952661105,3187072.0,3187072.0,3187072.0,0.0,3170304.0,3170304.0,3170304.0,0.0,0.0,0.0,0.0,,0.0,0.0,0.0,,0.0,0.0,0.0,,0.0,0.0,0.0,
layer=20|op=GET_ROWS|family=GET_ROWS,20,GET_ROWS,GET_ROWS,False,1,0.025583,0.0242836,0.038758,0.2248067717449182,0.023792,0.0223252,0.0353078,0.22170454252244182,0.024583,0.0231916,0.0372082,0.2265740509833723,122884.0,122884.0,122884.0,0.0,122880.0,122880.0,122880.0,0.0,0.0,0.0,0.0,,0.0,0.0,0.0,,0.0,0.0,0.0,,0.0,0.0,0.0,
layer=20|op=GLU|family=GLU,20,GLU,GLU,False,1,0.048417,0.0469916,0.4660500000000001,1.2024732365814281,0.046834,0.0452338,0.1869336,0.6744080273059585,0.04525,0.044683,0.46177540000000006,1.216490360538506,139264.0,139264.0,139264.0,0.0,69632.0,69632.0,69632.0,0.0,0.0,0.0,0.0,,0.0,0.0,0.0,,0.0,0.0,0.0,,0.0,0.0,0.0,
layer=20|op=L2_NORM|family=L2_NORM,20,L2_NORM,L2_NORM,False,1,0.006208,0.0058454,0.0065041000000000005,0.048397859963822974,0.0049995000000000005,0.0046164000000000005,0.0051042,0.04525980334390476,0.0038335,0.0037665999999999997,0.0040376,0.032648855166370006,8192.0,8192.0,8192.0,0.0,8192.0,8192.0,8192.0,0.0,0.0,0.0,0.0,,0.0,0.0,0.0,,0.0,0.0,0.0,,0.0,0.0,0.0,
layer=20|op=MUL_MAT|family=MUL_MAT,20,MUL_MAT,MUL_MAT,False,1,2.273125,2.262525,2.2952414,0.006923380634201774,2.266417,2.2553666,2.2899578,0.007204792122979173,0.180083,0.1448582,0.22949980000000003,0.22752533728461735,12554240.0,12554240.0,12554240.0,0.0,24576.0,24576.0,24576.0,0.0,12533760.0,12533760.0,12533760.0,0.0,23674880.0,23674880.0,23674880.0,0.0,2.248459,2.2385996,2.2770668,0.008157907881029847,0.0,0.0,0.0,
layer=20|op=MUL|family=MUL,20,MUL,MUL,False,1,0.003042,0.0029162,0.0033082,0.058678500574058455,0.001834,0.001758,0.0022166,0.12712209440040767,0.001834,0.0016413999999999999,0.0019248,0.07059048748140306,384.0,384.0,384.0,0.0,192.0,192.0,192.0,0.0,0.0,0.0,0.0,,0.0,0.0,0.0,,0.0,0.0,0.0,,0.0,0.0,0.0,
layer=20|op=RMS_NORM|family=fused:RMS_NORM,20,RMS_NORM,fused:RMS_NORM,True,2,0.050542,0.049275,0.0514578,0.02158488902601463,0.034667,0.0276504,0.0363412,0.12216747435870652,0.048917,0.0325002,0.0501746,0.20563949995705583,20480.0,20480.0,20480.0,0.0,20480.0,20480.0,20480.0,0.0,0.0,0.0,0.0,,0.0,0.0,0.0,,0.0,0.0,0.0,,0.0,0.0,0.0,
layer=20|op=SSM_CONV|family=SSM_CONV,20,SSM_CONV,SSM_CONV,False,1,0.04025,0.038858,0.0431418,0.04828291777092165,0.0385,0.037408199999999996,0.041616400000000005,0.04925759809663752,0.015959,0.0147,0.0181672,0.10393387235138489,327680.0,327680.0,327680.0,0.0,40960.0,40960.0,40960.0,0.0,0.0,0.0,0.0,,0.0,0.0,0.0,,0.0,0.0,0.0,,0.0,0.0,0.0,
layer=20|op=UNARY|family=UNARY,20,UNARY,UNARY,False,1,0.004708,0.0043912,0.0173084,0.9489476720741645,0.003833,0.0033664,0.0101996,0.7474265166325514,0.003083,0.0028662,0.015583200000000002,1.1534541762103034,192.0,192.0,192.0,0.0,192.0,192.0,192.0,0.0,0.0,0.0,0.0,,0.0,0.0,0.0,,0.0,0.0,0.0,,0.0,0.0,0.0,
layer=21|op=ADD|family=ADD,21,ADD,ADD,False,1,0.011292,0.010220700000000001,0.0311418,0.6796702842417818,0.0092915,0.0090624,0.016537700000000002,0.31837085224005246,0.009625,0.0081293,0.0278708,0.7326970556744018,40960.0,40960.0,40960.0,0.0,20480.0,20480.0,20480.0,0.0,0.0,0.0,0.0,,0.0,0.0,0.0,,0.0,0.0,0.0,,0.0,0.0,0.0,
layer=21|op=CONCAT|family=CONCAT,21,CONCAT,CONCAT,False,1,0.21825,0.08756699999999999,0.298125,0.5094428359788672,0.129,0.08634199999999999,0.2166082,0.4007786493642439,0.216958,0.0863332,0.29336660000000003,0.5074621910138188,163840.0,163840.0,163840.0,0.0,163840.0,163840.0,163840.0,0.0,0.0,0.0,0.0,,0.0,0.0,0.0,,0.0,0.0,0.0,,0.0,0.0,0.0,
layer=21|op=GATED_DELTA_NET|family=GATED_DELTA_NET,21,GATED_DELTA_NET,GATED_DELTA_NET,False,1,1.157166,1.1039830000000002,1.9418332000000003,0.3723548197165628,1.150458,1.096075,1.4594002000000001,0.1676153267039343,0.209833,0.14677479999999998,0.7962248000000001,1.0418475525527962,3187072.0,3187072.0,3187072.0,0.0,3170304.0,3170304.0,3170304.0,0.0,0.0,0.0,0.0,,0.0,0.0,0.0,,0.0,0.0,0.0,,0.0,0.0,0.0,
layer=21|op=GET_ROWS|family=GET_ROWS,21,GET_ROWS,GET_ROWS,False,1,0.037625,0.023417,0.0387166,0.22457599960730823,0.035917,0.0219834,0.037517,0.2368460516607179,0.036208,0.0223082,0.0378412,0.23284200813098543,122884.0,122884.0,122884.0,0.0,122880.0,122880.0,122880.0,0.0,0.0,0.0,0.0,,0.0,0.0,0.0,,0.0,0.0,0.0,,0.0,0.0,0.0,
layer=21|op=GLU|family=GLU,21,GLU,GLU,False,1,0.0485,0.0473418,0.1811414,0.6456020562370367,0.04675,0.0455662,0.0706666,0.2667177071498927,0.045792,0.0452834,0.178908,0.6611626682213957,139264.0,139264.0,139264.0,0.0,69632.0,69632.0,69632.0,0.0,0.0,0.0,0.0,,0.0,0.0,0.0,,0.0,0.0,0.0,,0.0,0.0,0.0,
layer=21|op=L2_NORM|family=L2_NORM,21,L2_NORM,L2_NORM,False,1,0.006208,0.0060042,0.3702539,1.8994797473021474,0.0050625,0.004925199999999999,0.0060081,0.09379397926434944,0.0041875,0.0038836,0.3672498000000001,1.9340604413526663,8192.0,8192.0,8192.0,0.0,8192.0,8192.0,8192.0,0.0,0.0,0.0,0.0,,0.0,0.0,0.0,,0.0,0.0,0.0,,0.0,0.0,0.0,
layer=21|op=MUL_MAT|family=MUL_MAT,21,MUL_MAT,MUL_MAT,False,1,2.269833,2.2640668,2.301175,0.00896752684642601,2.266375,2.260275,2.2784332,0.0038027776048539285,0.16925,0.14700839999999998,0.24581660000000002,0.29387463891507987,12554240.0,12554240.0,12554240.0,0.0,24576.0,24576.0,24576.0,0.0,12533760.0,12533760.0,12533760.0,0.0,23674880.0,23674880.0,23674880.0,0.0,2.247667,2.2448166,2.256933,0.002676861286782328,0.0,0.0,0.0,
layer=21|op=MUL|family=MUL,21,MUL,MUL,False,1,0.003208,0.0030668,0.36594180000000004,1.9484543177538938,0.002208,0.0020998,0.0030670000000000003,0.21477558482833803,0.001833,0.0015752,0.36414180000000007,1.971769593457824,384.0,384.0,384.0,0.0,192.0,192.0,192.0,0.0,0.0,0.0,0.0,,0.0,0.0,0.0,,0.0,0.0,0.0,,0.0,0.0,0.0,
layer=21|op=RMS_NORM|family=fused:RMS_NORM,21,RMS_NORM,fused:RMS_NORM,True,2,0.052167,0.027099800000000004,0.07869140000000001,0.5009052017274847,0.034084,0.020016600000000002,0.0455754,0.37023777745078196,0.05125,0.0192412,0.0636166,0.47029840202274964,20480.0,20480.0,20480.0,0.0,20480.0,20480.0,20480.0,0.0,0.0,0.0,0.0,,0.0,0.0,0.0,,0.0,0.0,0.0,,0.0,0.0,0.0,
layer=21|op=SSM_CONV|family=SSM_CONV,21,SSM_CONV,SSM_CONV,False,1,0.042958,0.0406836,0.40195780000000003,1.4718437243979208,0.041291,0.0390746,0.044684,0.06060349222888946,0.015416,0.0150828,0.3795164000000001,1.7641578215662457,327680.0,327680.0,327680.0,0.0,40960.0,40960.0,40960.0,0.0,0.0,0.0,0.0,,0.0,0.0,0.0,,0.0,0.0,0.0,,0.0,0.0,0.0,
layer=21|op=UNARY|family=UNARY,21,UNARY,UNARY,False,1,0.005,0.0042414,0.3681668,1.9261230752711516,0.003541,0.003234,0.004675,0.18342581380081052,0.003125,0.0027004,0.3657422,1.9510539889707,192.0,192.0,192.0,0.0,192.0,192.0,192.0,0.0,0.0,0.0,0.0,,0.0,0.0,0.0,,0.0,0.0,0.0,,0.0,0.0,0.0,
layer=22|op=ADD|family=ADD,22,ADD,ADD,False,1,0.0108125,0.0102125,0.0189082,0.3111544622794496,0.009083500000000001,0.008866500000000001,0.0154708,0.32813818465870537,0.009416500000000001,0.0083835,0.016749899999999998,0.34081077153623535,40960.0,40960.0,40960.0,0.0,20480.0,20480.0,20480.0,0.0,0.0,0.0,0.0,,0.0,0.0,0.0,,0.0,0.0,0.0,,0.0,0.0,0.0,
layer=22|op=CONCAT|family=CONCAT,22,CONCAT,CONCAT,False,1,0.218959,0.0882254,0.2197998,0.38489076901651204,0.087749,0.0871086,0.10308300000000001,0.08888483063966893,0.21775,0.0868418,0.2186082,0.38844649207825444,163840.0,163840.0,163840.0,0.0,163840.0,163840.0,163840.0,0.0,0.0,0.0,0.0,,0.0,0.0,0.0,,0.0,0.0,0.0,,0.0,0.0,0.0,
layer=22|op=GATED_DELTA_NET|family=GATED_DELTA_NET,22,GATED_DELTA_NET,GATED_DELTA_NET,False,1,1.115958,1.0641996,1.2126504,0.06157454787648747,1.107166,1.0583836,1.2060252,0.06203753141275837,0.106709,0.09810780000000001,0.23757520000000001,0.43094697517752373,3187072.0,3187072.0,3187072.0,0.0,3170304.0,3170304.0,3170304.0,0.0,0.0,0.0,0.0,,0.0,0.0,0.0,,0.0,0.0,0.0,,0.0,0.0,0.0,
layer=22|op=GET_ROWS|family=GET_ROWS,22,GET_ROWS,GET_ROWS,False,1,0.031042,0.0235584,0.038200200000000004,0.22710856843631744,0.029959,0.022475,0.0349246,0.20023943363521116,0.029708,0.022591399999999998,0.037458200000000004,0.23602221402548715,122884.0,122884.0,122884.0,0.0,122880.0,122880.0,122880.0,0.0,0.0,0.0,0.0,,0.0,0.0,0.0,,0.0,0.0,0.0,,0.0,0.0,0.0,
layer=22|op=GLU|family=GLU,22,GLU,GLU,False,1,0.047333,0.046475,0.129175,0.7354515723359555,0.045875,0.0454086,0.12620019999999998,0.7390914109068393,0.045291,0.044134,0.12678340000000002,0.7566963502192593,139264.0,139264.0,139264.0,0.0,69632.0,69632.0,69632.0,0.0,0.0,0.0,0.0,,0.0,0.0,0.0,,0.0,0.0,0.0,,0.0,0.0,0.0,
layer=22|op=L2_NORM|family=L2_NORM,22,L2_NORM,L2_NORM,False,1,0.0060415,0.0059045,0.0062252,0.024156018789145035,0.004791999999999999,0.0047125000000000005,0.0048626,0.014417891245923641,0.0037914999999999997,0.0035707,0.0039167,0.04116559717231599,8192.0,8192.0,8192.0,0.0,8192.0,8192.0,8192.0,0.0,0.0,0.0,0.0,,0.0,0.0,0.0,,0.0,0.0,0.0,,0.0,0.0,0.0,
layer=22|op=MUL_MAT|family=MUL_MAT,22,MUL_MAT,MUL_MAT,False,1,2.262375,2.2595663999999998,2.2858914,0.005409450935271336,2.256875,2.25475,2.2791664000000003,0.005054935881941488,0.167667,0.14200859999999998,0.1867918,0.13499654563459548,12554240.0,12554240.0,12554240.0,0.0,24576.0,24576.0,24576.0,0.0,12533760.0,12533760.0,12533760.0,0.0,23674880.0,23674880.0,23674880.0,0.0,2.246666,2.2385829999999998,2.2632086,0.0053128672018513574,0.0,0.0,0.0,
layer=22|op=MUL|family=MUL,22,MUL,MUL,False,1,0.00325,0.0027748,0.0039250000000000005,0.15483016561210705,0.002,0.0016834,0.0023834,0.15247705083688426,0.001625,0.0014082,0.0028664,0.3419725476110261,384.0,384.0,384.0,0.0,192.0,192.0,192.0,0.0,0.0,0.0,0.0,,0.0,0.0,0.0,,0.0,0.0,0.0,,0.0,0.0,0.0,
layer=22|op=RMS_NORM|family=fused:RMS_NORM,22,RMS_NORM,fused:RMS_NORM,True,2,0.048542,0.012508400000000001,0.052092,0.5292313681611126,0.035001,0.011474999999999999,0.0407666,0.4846777921476379,0.03075,0.010924999999999999,0.045784,0.5476220394668886,20480.0,20480.0,20480.0,0.0,20480.0,20480.0,20480.0,0.0,0.0,0.0,0.0,,0.0,0.0,0.0,,0.0,0.0,0.0,,0.0,0.0,0.0,
layer=22|op=SSM_CONV|family=SSM_CONV,22,SSM_CONV,SSM_CONV,False,1,0.042875,0.0404416,0.0474914,0.0790725850569729,0.041417,0.0394248,0.046191800000000005,0.08042101538676646,0.016791,0.0129418,0.022324999999999998,0.23792270430940513,327680.0,327680.0,327680.0,0.0,40960.0,40960.0,40960.0,0.0,0.0,0.0,0.0,,0.0,0.0,0.0,,0.0,0.0,0.0,,0.0,0.0,0.0,
layer=22|op=UNARY|family=UNARY,22,UNARY,UNARY,False,1,0.004625,0.004267,0.0050918,0.08677342196111192,0.003583,0.0033666,0.0041086000000000004,0.10032550252426455,0.003083,0.002892,0.003708,0.11446652613806776,192.0,192.0,192.0,0.0,192.0,192.0,192.0,0.0,0.0,0.0,0.0,,0.0,0.0,0.0,,0.0,0.0,0.0,,0.0,0.0,0.0,
layer=23|op=ADD|family=ADD,23,ADD,ADD,False,1,0.020063,0.0109623,0.020995899999999998,0.2820114014482866,0.016896,0.0097748,0.0185498,0.2750687938609087,0.0184585,0.0090753,0.019245599999999998,0.3218266368481779,40960.0,40960.0,40960.0,0.0,20480.0,20480.0,20480.0,0.0,0.0,0.0,0.0,,0.0,0.0,0.0,,0.0,0.0,0.0,,0.0,0.0,0.0,
layer=23|op=CONT|family=CONT,23,CONT,CONT,False,1,0.009,0.008708200000000001,0.0094416,0.03590906124803827,0.007208,0.0069916,0.0075334,0.03292260950181561,0.005292,0.0047004,0.0057082,0.08633738777039243,48128.0,48128.0,48128.0,0.0,24576.0,24576.0,24576.0,0.0,0.0,0.0,0.0,,0.0,0.0,0.0,,0.0,0.0,0.0,,0.0,0.0,0.0,
layer=23|op=FLASH_ATTN_EXT|family=FLASH_ATTN_EXT,23,FLASH_ATTN_EXT,FLASH_ATTN_EXT,False,1,0.07725,0.076141,0.077767,0.009653284548857983,0.075042,0.07369139999999999,0.0758834,0.013622427496348606,0.020584,0.020441400000000002,0.0221916,0.050806032231137936,1073664.0,1073664.0,1073664.0,0.0,24576.0,24576.0,24576.0,0.0,0.0,0.0,0.0,,0.0,0.0,0.0,,0.0,0.0,0.0,,0.0,0.0,0.0,
layer=23|op=GLU|family=GLU,23,GLU,GLU,False,1,0.181375,0.046575,0.1873748,0.5232205617109705,0.178417,0.0452836,0.1833754,0.5254368034576818,0.17975,0.044375,0.185166,0.532059384768268,139264.0,139264.0,139264.0,0.0,69632.0,69632.0,69632.0,0.0,0.0,0.0,0.0,,0.0,0.0,0.0,,0.0,0.0,0.0,,0.0,0.0,0.0,
layer=23|op=MUL_MAT|family=MUL_MAT,23,MUL_MAT,MUL_MAT,False,1,1.637042,1.6066167999999998,1.7869588,0.06296746007721218,1.631417,1.6027335999999999,1.6440084,0.011665526376645086,0.129084,0.1072922,0.1584414,0.19455518825525292,8867840.0,8867840.0,8867840.0,0.0,20480.0,20480.0,20480.0,0.0,8847360.0,8847360.0,8847360.0,0.0,16711680.0,16711680.0,16711680.0,0.0,1.621709,1.5886745999999998,1.6330168,0.012432811731491225,0.0,0.0,0.0,
layer=23|op=MUL|family=MUL,23,MUL,MUL,False,1,0.015625,0.0053748,0.016291800000000002,0.44233233790441956,0.007875,0.0044252,0.0148004,0.5028120022558378,0.0145,0.0036,0.0150502,0.5311107893120075,49152.0,49152.0,49152.0,0.0,24576.0,24576.0,24576.0,0.0,0.0,0.0,0.0,,0.0,0.0,0.0,,0.0,0.0,0.0,,0.0,0.0,0.0,
layer=23|op=RMS_NORM|family=fused:RMS_NORM,23,RMS_NORM,fused:RMS_NORM,True,2,0.016396,0.0110169,0.018696,0.22822455835991143,0.011875,0.0099834,0.0143919,0.16028574659335024,0.010333,0.0096251,0.0117707,0.09062006787260804,20480.0,20480.0,20480.0,0.0,20480.0,20480.0,20480.0,0.0,0.0,0.0,0.0,,0.0,0.0,0.0,,0.0,0.0,0.0,,0.0,0.0,0.0,
layer=23|op=ROPE|family=ROPE,23,ROPE,ROPE,False,1,0.013562000000000001,0.0133747,0.0156751,0.0918081703008891,0.012104,0.0116207,0.0126915,0.03896841130421351,0.009021000000000001,0.0088085,0.0096999,0.04963465803296151,14352.0,14352.0,14352.0,0.0,14336.0,14336.0,14336.0,0.0,0.0,0.0,0.0,,0.0,0.0,0.0,,0.0,0.0,0.0,,0.0,0.0,0.0,
layer=23|op=UNARY|family=UNARY,23,UNARY,UNARY,False,1,0.219167,0.0574082,0.2199164,0.5132475040204514,0.06125,0.056382800000000004,0.2181332,0.6425940559720433,0.217667,0.0559082,0.2179914,0.5179743296448416,24576.0,24576.0,24576.0,0.0,24576.0,24576.0,24576.0,0.0,0.0,0.0,0.0,,0.0,0.0,0.0,,0.0,0.0,0.0,,0.0,0.0,0.0,
layer=24|op=ADD|family=ADD,24,ADD,ADD,False,1,0.0114585,0.0107961,0.0158918,0.18314396033878438,0.010146,0.0092295,0.0138667,0.18842120778518928,0.009646,0.0091044,0.013974899999999998,0.20533734365275286,40960.0,40960.0,40960.0,0.0,20480.0,20480.0,20480.0,0.0,0.0,0.0,0.0,,0.0,0.0,0.0,,0.0,0.0,0.0,,0.0,0.0,0.0,
layer=24|op=CONCAT|family=CONCAT,24,CONCAT,CONCAT,False,1,0.217375,0.08806639999999999,0.2198252,0.38464876511249896,0.215083,0.08704999999999999,0.2175416,0.38503194603139457,0.216084,0.0863998,0.217917,0.38828027962779865,163840.0,163840.0,163840.0,0.0,163840.0,163840.0,163840.0,0.0,0.0,0.0,0.0,,0.0,0.0,0.0,,0.0,0.0,0.0,,0.0,0.0,0.0,
layer=24|op=GATED_DELTA_NET|family=GATED_DELTA_NET,24,GATED_DELTA_NET,GATED_DELTA_NET,False,1,1.170333,1.0725412,1.1936170000000002,0.04843539987672906,1.160375,1.0666250000000002,1.1826502,0.04678050251783322,0.185959,0.12265,0.2329414,0.27193828760737215,3187072.0,3187072.0,3187072.0,0.0,3170304.0,3170304.0,3170304.0,0.0,0.0,0.0,0.0,,0.0,0.0,0.0,,0.0,0.0,0.0,,0.0,0.0,0.0,
layer=24|op=GET_ROWS|family=GET_ROWS,24,GET_ROWS,GET_ROWS,False,1,0.037041,0.0243336,0.039025,0.20838377899555668,0.035458,0.0230336,0.0376168,0.21542976237452446,0.036291,0.022967,0.0382164,0.222881903968602,122884.0,122884.0,122884.0,0.0,122880.0,122880.0,122880.0,0.0,0.0,0.0,0.0,,0.0,0.0,0.0,,0.0,0.0,0.0,,0.0,0.0,0.0,
layer=24|op=GLU|family=GLU,24,GLU,GLU,False,1,0.047583,0.0471582,0.1280672,0.7201657800066208,0.046333,0.0456166,0.12556680000000003,0.7273369305950098,0.044875,0.044467,0.12545,0.7501512352238303,139264.0,139264.0,139264.0,0.0,69632.0,69632.0,69632.0,0.0,0.0,0.0,0.0,,0.0,0.0,0.0,,0.0,0.0,0.0,,0.0,0.0,0.0,
layer=24|op=L2_NORM|family=L2_NORM,24,L2_NORM,L2_NORM,False,1,0.0063125,0.0060751,0.006392,0.025497884049654817,0.0048544999999999994,0.0048083,0.0049707,0.01604335398097196,0.004125,0.0038836,0.0042291,0.038206244233259606,8192.0,8192.0,8192.0,0.0,8192.0,8192.0,8192.0,0.0,0.0,0.0,0.0,,0.0,0.0,0.0,,0.0,0.0,0.0,,0.0,0.0,0.0,
layer=24|op=MUL_MAT|family=MUL_MAT,24,MUL_MAT,MUL_MAT,False,1,2.269833,2.2640586000000003,2.300592,0.007414269088910712,2.2645,2.2588338,2.2944082,0.007278537629512179,0.158791,0.1566168,0.167908,0.03215637637352145,12554240.0,12554240.0,12554240.0,0.0,24576.0,24576.0,24576.0,0.0,12533760.0,12533760.0,12533760.0,0.0,23674880.0,23674880.0,23674880.0,0.0,2.243,2.2403332000000002,2.2682832,0.006633966342398276,0.0,0.0,0.0,
layer=24|op=MUL|family=MUL,24,MUL,MUL,False,1,0.003167,0.003125,0.0033082,0.028989491630589153,0.002125,0.0019665999999999998,0.002325,0.07443777267413916,0.001667,0.0016166,0.0018916,0.07535889168910068,384.0,384.0,384.0,0.0,192.0,192.0,192.0,0.0,0.0,0.0,0.0,,0.0,0.0,0.0,,0.0,0.0,0.0,,0.0,0.0,0.0,
layer=24|op=RMS_NORM|family=fused:RMS_NORM,24,RMS_NORM,fused:RMS_NORM,True,2,0.050375,0.0178086,0.051641799999999995,0.4231927966736632,0.027958,0.0133586,0.0395588,0.43080429613662646,0.031125,0.0155332,0.0494668,0.4617144926338404,20480.0,20480.0,20480.0,0.0,20480.0,20480.0,20480.0,0.0,0.0,0.0,0.0,,0.0,0.0,0.0,,0.0,0.0,0.0,,0.0,0.0,0.0,
layer=24|op=SSM_CONV|family=SSM_CONV,24,SSM_CONV,SSM_CONV,False,1,0.041708,0.0394922,0.0442584,0.051058050824811414,0.039791,0.0382086,0.0431162,0.05452331802905444,0.014042,0.0115082,0.0177498,0.18953543907054882,327680.0,327680.0,327680.0,0.0,40960.0,40960.0,40960.0,0.0,0.0,0.0,0.0,,0.0,0.0,0.0,,0.0,0.0,0.0,,0.0,0.0,0.0,
layer=24|op=UNARY|family=UNARY,24,UNARY,UNARY,False,1,0.004292,0.0041914,0.004458,0.028810024110266848,0.003333,0.0030752,0.0035162,0.059357758516436585,0.002958,0.0027418,0.0030504,0.053492674672678556,192.0,192.0,192.0,0.0,192.0,192.0,192.0,0.0,0.0,0.0,0.0,,0.0,0.0,0.0,,0.0,0.0,0.0,,0.0,0.0,0.0,
layer=25|op=ADD|family=ADD,25,ADD,ADD,False,1,0.0105835,0.0100457,0.0136336,0.17242888703828002,0.009104,0.008929200000000002,0.0122043,0.1760369972377483,0.0083545,0.0080709,0.0113002,0.19928925685870552,40960.0,40960.0,40960.0,0.0,20480.0,20480.0,20480.0,0.0,0.0,0.0,0.0,,0.0,0.0,0.0,,0.0,0.0,0.0,,0.0,0.0,0.0,
layer=25|op=CONCAT|family=CONCAT,25,CONCAT,CONCAT,False,1,0.113417,0.0890914,0.1805584,0.3777217929572311,0.108709,0.0876662,0.17440840000000002,0.3933761453154701,0.11225,0.0875252,0.1792748,0.3826191955147518,163840.0,163840.0,163840.0,0.0,163840.0,163840.0,163840.0,0.0,0.0,0.0,0.0,,0.0,0.0,0.0,,0.0,0.0,0.0,,0.0,0.0,0.0,
layer=25|op=GATED_DELTA_NET|family=GATED_DELTA_NET,25,GATED_DELTA_NET,GATED_DELTA_NET,False,1,1.159708,1.079234,1.1957162,0.04722488183754174,1.153,1.0740004,1.1886078,0.04708654357132947,0.203541,0.122517,0.2470918,0.2923979378383729,3187072.0,3187072.0,3187072.0,0.0,3170304.0,3170304.0,3170304.0,0.0,0.0,0.0,0.0,,0.0,0.0,0.0,,0.0,0.0,0.0,,0.0,0.0,0.0,
layer=25|op=GET_ROWS|family=GET_ROWS,25,GET_ROWS,GET_ROWS,False,1,0.0245,0.0241,0.0338088,0.205561040500923,0.023417,0.022691,0.0327002,0.21740486877501727,0.023541,0.0231914,0.032708799999999996,0.21765318749511806,122884.0,122884.0,122884.0,0.0,122880.0,122880.0,122880.0,0.0,0.0,0.0,0.0,,0.0,0.0,0.0,,0.0,0.0,0.0,,0.0,0.0,0.0,
layer=25|op=GLU|family=GLU,25,GLU,GLU,False,1,0.047292,0.04675,0.15270040000000001,0.8546203291706036,0.045833,0.045392,0.15002520000000003,0.8634782938203155,0.044917,0.0442332,0.1502254,0.8799126532567252,139264.0,139264.0,139264.0,0.0,69632.0,69632.0,69632.0,0.0,0.0,0.0,0.0,,0.0,0.0,0.0,,0.0,0.0,0.0,,0.0,0.0,0.0,
layer=25|op=L2_NORM|family=L2_NORM,25,L2_NORM,L2_NORM,False,1,0.0065205,0.005808,0.0067502000000000005,0.06709301357053452,0.0051875,0.0047417,0.0053875,0.05658626338409565,0.0037914999999999997,0.0036584,0.0042877,0.07259838062996529,8192.0,8192.0,8192.0,0.0,8192.0,8192.0,8192.0,0.0,0.0,0.0,0.0,,0.0,0.0,0.0,,0.0,0.0,0.0,,0.0,0.0,0.0,
layer=25|op=MUL_MAT|family=MUL_MAT,25,MUL_MAT,MUL_MAT,False,1,2.275958,2.2581498,2.2859496,0.0054411754505529165,2.268875,2.2530664,2.2780666,0.004945421222162786,0.165541,0.1490252,0.17288299999999998,0.06671135149760862,12554240.0,12554240.0,12554240.0,0.0,24576.0,24576.0,24576.0,0.0,12533760.0,12533760.0,12533760.0,0.0,23674880.0,23674880.0,23674880.0,0.0,2.254833,2.2406748000000003,2.2640746000000003,0.004619377703408867,0.0,0.0,0.0,
layer=25|op=MUL|family=MUL,25,MUL,MUL,False,1,0.003209,0.0030002,0.0036086,0.0828070495267595,0.002209,0.0020752,0.0023838,0.061115648664352845,0.001792,0.0016582,0.0018166,0.04261340212675264,384.0,384.0,384.0,0.0,192.0,192.0,192.0,0.0,0.0,0.0,0.0,,0.0,0.0,0.0,,0.0,0.0,0.0,,0.0,0.0,0.0,
layer=25|op=RMS_NORM|family=fused:RMS_NORM,25,RMS_NORM,fused:RMS_NORM,True,2,0.0125,0.0119584,0.0489918,0.6700818308995076,0.011625,0.0108338,0.0289926,0.4791281182666336,0.010959,0.010575399999999999,0.0399588,0.6914326226943572,20480.0,20480.0,20480.0,0.0,20480.0,20480.0,20480.0,0.0,0.0,0.0,0.0,,0.0,0.0,0.0,,0.0,0.0,0.0,,0.0,0.0,0.0,
layer=25|op=SSM_CONV|family=SSM_CONV,25,SSM_CONV,SSM_CONV,False,1,0.040583,0.0400172,0.0430248,0.04030196873058737,0.039167,0.038525,0.0413838,0.038942686073543425,0.013916,0.0120918,0.017233400000000003,0.16003385879507273,327680.0,327680.0,327680.0,0.0,40960.0,40960.0,40960.0,0.0,0.0,0.0,0.0,,0.0,0.0,0.0,,0.0,0.0,0.0,,0.0,0.0,0.0,
layer=25|op=UNARY|family=UNARY,25,UNARY,UNARY,False,1,0.004542,0.00425,0.0049086,0.07031591937146767,0.003542,0.0033584,0.0037672,0.05167321740486691,0.002833,0.0026333999999999997,0.0033172,0.11905546680967106,192.0,192.0,192.0,0.0,192.0,192.0,192.0,0.0,0.0,0.0,0.0,,0.0,0.0,0.0,,0.0,0.0,0.0,,0.0,0.0,0.0,
layer=26|op=ADD|family=ADD,26,ADD,ADD,False,1,0.0107295,0.0104252,0.0112415,0.035370618487124604,0.0098125,0.009095800000000001,0.0099917,0.04460504760560412,0.008604,0.008154100000000001,0.009358599999999998,0.06408827080803546,40960.0,40960.0,40960.0,0.0,20480.0,20480.0,20480.0,0.0,0.0,0.0,0.0,,0.0,0.0,0.0,,0.0,0.0,0.0,,0.0,0.0,0.0,
layer=26|op=CONCAT|family=CONCAT,26,CONCAT,CONCAT,False,1,0.088125,0.0875002,0.2128584,0.4942332111372701,0.087,0.0863748,0.1955502,0.5220765555551786,0.086375,0.08633339999999999,0.211558,0.49940817203102905,163840.0,163840.0,163840.0,0.0,163840.0,163840.0,163840.0,0.0,0.0,0.0,0.0,,0.0,0.0,0.0,,0.0,0.0,0.0,,0.0,0.0,0.0,
layer=26|op=GATED_DELTA_NET|family=GATED_DELTA_NET,26,GATED_DELTA_NET,GATED_DELTA_NET,False,1,1.108917,1.0667,1.1527254,0.03442714338620027,1.102334,1.0602832,1.1470086,0.03479057849116033,0.099125,0.0933588,0.17438320000000002,0.34927524615992467,3187072.0,3187072.0,3187072.0,0.0,3170304.0,3170304.0,3170304.0,0.0,0.0,0.0,0.0,,0.0,0.0,0.0,,0.0,0.0,0.0,,0.0,0.0,0.0,
layer=26|op=GET_ROWS|family=GET_ROWS,26,GET_ROWS,GET_ROWS,False,1,0.02425,0.0232584,0.032233200000000004,0.20704077175272248,0.022958,0.0221666,0.031107799999999998,0.2148097959685674,0.022917,0.0219666,0.0310338,0.21573681088695643,122884.0,122884.0,122884.0,0.0,122880.0,122880.0,122880.0,0.0,0.0,0.0,0.0,,0.0,0.0,0.0,,0.0,0.0,0.0,,0.0,0.0,0.0,
layer=26|op=GLU|family=GLU,26,GLU,GLU,False,1,0.047459,0.0470252,0.0482334,0.012254824457322106,0.045959,0.045675,0.0465252,0.008874652708392751,0.044875,0.0446416,0.0461414,0.017776338894177585,139264.0,139264.0,139264.0,0.0,69632.0,69632.0,69632.0,0.0,0.0,0.0,0.0,,0.0,0.0,0.0,,0.0,0.0,0.0,,0.0,0.0,0.0,
layer=26|op=L2_NORM|family=L2_NORM,26,L2_NORM,L2_NORM,False,1,0.0062295,0.0061833999999999995,0.0070919,0.08641076071559717,0.004979,0.0048252,0.0054624,0.0655696061684324,0.004,0.0038958,0.0048212,0.12746340332627593,8192.0,8192.0,8192.0,0.0,8192.0,8192.0,8192.0,0.0,0.0,0.0,0.0,,0.0,0.0,0.0,,0.0,0.0,0.0,,0.0,0.0,0.0,
layer=26|op=MUL_MAT|family=MUL_MAT,26,MUL_MAT,MUL_MAT,False,1,2.272584,2.2658834,2.2947252,0.006015193997669004,2.265625,2.2597666000000003,2.2881752,0.006111776666475986,0.158625,0.1448586,0.1707332,0.07553289040959713,12554240.0,12554240.0,12554240.0,0.0,24576.0,24576.0,24576.0,0.0,12533760.0,12533760.0,12533760.0,0.0,23674880.0,23674880.0,23674880.0,0.0,2.251167,2.24465,2.2696916,0.006072582788376796,0.0,0.0,0.0,
layer=26|op=MUL|family=MUL,26,MUL,MUL,False,1,0.00325,0.0029752,0.0034750000000000002,0.0817100066496463,0.001958,0.0017670000000000001,0.0021422,0.09030493853287007,0.001959,0.00175,0.0022166,0.10995075772115011,384.0,384.0,384.0,0.0,192.0,192.0,192.0,0.0,0.0,0.0,0.0,,0.0,0.0,0.0,,0.0,0.0,0.0,,0.0,0.0,0.0,
layer=26|op=RMS_NORM|family=fused:RMS_NORM,26,RMS_NORM,fused:RMS_NORM,True,2,0.012917,0.012091600000000001,0.0511418,0.6794456354097689,0.011917,0.0112166,0.024191400000000002,0.3843729518950558,0.011708,0.011108400000000001,0.04317460000000001,0.6830583833304428,20480.0,20480.0,20480.0,0.0,20480.0,20480.0,20480.0,0.0,0.0,0.0,0.0,,0.0,0.0,0.0,,0.0,0.0,0.0,,0.0,0.0,0.0,
layer=26|op=SSM_CONV|family=SSM_CONV,26,SSM_CONV,SSM_CONV,False,1,0.038958,0.038075,0.040908400000000004,0.03647652999671698,0.037916,0.036875,0.039325,0.03180027961722336,0.016334,0.0158668,0.019116800000000003,0.09751742047487255,327680.0,327680.0,327680.0,0.0,40960.0,40960.0,40960.0,0.0,0.0,0.0,0.0,,0.0,0.0,0.0,,0.0,0.0,0.0,,0.0,0.0,0.0,
layer=26|op=UNARY|family=UNARY,26,UNARY,UNARY,False,1,0.004584,0.0045332,0.0048254,0.034333228897410126,0.003791,0.0033832,0.0038166,0.05977990366740935,0.003209,0.0029162,0.0035418,0.08600278237945908,192.0,192.0,192.0,0.0,192.0,192.0,192.0,0.0,0.0,0.0,0.0,,0.0,0.0,0.0,,0.0,0.0,0.0,,0.0,0.0,0.0,
layer=27|op=ADD|family=ADD,27,ADD,ADD,False,1,0.0115625,0.0108122,0.0159582,0.18435892093633435,0.0100205,0.0094834,0.0142581,0.19451599741984288,0.009479,0.0085083,0.0136958,0.22039676757751833,40960.0,40960.0,40960.0,0.0,20480.0,20480.0,20480.0,0.0,0.0,0.0,0.0,,0.0,0.0,0.0,,0.0,0.0,0.0,,0.0,0.0,0.0,
layer=27|op=CONT|family=CONT,27,CONT,CONT,False,1,0.008709,0.0082088,0.0093918,0.061054514866547,0.007208,0.006966600000000001,0.0073828,0.025544361584689073,0.004375,0.0042668,0.005683,0.1458041890125212,48128.0,48128.0,48128.0,0.0,24576.0,24576.0,24576.0,0.0,0.0,0.0,0.0,,0.0,0.0,0.0,,0.0,0.0,0.0,,0.0,0.0,0.0,
layer=27|op=FLASH_ATTN_EXT|family=FLASH_ATTN_EXT,27,FLASH_ATTN_EXT,FLASH_ATTN_EXT,False,1,0.077,0.0750002,0.0782496,0.019070430721468575,0.074458,0.07304139999999999,0.0766082,0.022130236625861617,0.020584,0.0198498,0.021033,0.025730721985663396,1073664.0,1073664.0,1073664.0,0.0,24576.0,24576.0,24576.0,0.0,0.0,0.0,0.0,,0.0,0.0,0.0,,0.0,0.0,0.0,,0.0,0.0,0.0,
layer=27|op=GLU|family=GLU,27,GLU,GLU,False,1,0.047875,0.0459914,0.213775,0.7258182833287711,0.045834,0.0448916,0.1816494,0.6693085757163527,0.044583,0.044458199999999996,0.2117666,0.7402888487156718,139264.0,139264.0,139264.0,0.0,69632.0,69632.0,69632.0,0.0,0.0,0.0,0.0,,0.0,0.0,0.0,,0.0,0.0,0.0,,0.0,0.0,0.0,
layer=27|op=MUL_MAT|family=MUL_MAT,27,MUL_MAT,MUL_MAT,False,1,1.638958,1.6140748,1.6564834,0.011429962406851124,1.632708,1.610317,1.6493336,0.010554580529901988,0.12025,0.1085998,0.15550819999999999,0.1744418132570513,8867840.0,8867840.0,8867840.0,0.0,20480.0,20480.0,20480.0,0.0,8847360.0,8847360.0,8847360.0,0.0,16711680.0,16711680.0,16711680.0,0.0,1.594875,1.5896832,1.6334416,0.012754392784971497,0.0,0.0,0.0,
layer=27|op=MUL|family=MUL,27,MUL,MUL,False,1,0.005542,0.0053168,0.0059,0.046737922524004515,0.004625,0.0044834,0.004858,0.038076239471952295,0.003917,0.0034838,0.0041916,0.08121450293172092,49152.0,49152.0,49152.0,0.0,24576.0,24576.0,24576.0,0.0,0.0,0.0,0.0,,0.0,0.0,0.0,,0.0,0.0,0.0,,0.0,0.0,0.0,
layer=27|op=RMS_NORM|family=fused:RMS_NORM,27,RMS_NORM,fused:RMS_NORM,True,2,0.011125,0.0108375,0.0114872,0.02605398203744256,0.0102915,0.0099793,0.010512299999999999,0.02287856612063733,0.0097705,0.009645599999999999,0.0099249,0.013373356811869705,20480.0,20480.0,20480.0,0.0,20480.0,20480.0,20480.0,0.0,0.0,0.0,0.0,,0.0,0.0,0.0,,0.0,0.0,0.0,,0.0,0.0,0.0,
layer=27|op=ROPE|family=ROPE,27,ROPE,ROPE,False,1,0.013895500000000002,0.0132831,0.0148916,0.05495906028479847,0.011687,0.011453999999999999,0.0120044,0.021052364558092212,0.0094795,0.008749900000000001,0.0100751,0.06647034867315511,14352.0,14352.0,14352.0,0.0,14336.0,14336.0,14336.0,0.0,0.0,0.0,0.0,,0.0,0.0,0.0,,0.0,0.0,0.0,,0.0,0.0,0.0,
layer=27|op=UNARY|family=UNARY,27,UNARY,UNARY,False,1,0.057833,0.0574828,0.058082800000000004,0.004605292394155638,0.056917,0.0566828,0.05715,0.003719929585860925,0.055666,0.0554918,0.055741,0.0020580955321628197,24576.0,24576.0,24576.0,0.0,24576.0,24576.0,24576.0,0.0,0.0,0.0,0.0,,0.0,0.0,0.0,,0.0,0.0,0.0,,0.0,0.0,0.0,
layer=28|op=ADD|family=ADD,28,ADD,ADD,False,1,0.0113955,0.009875,0.018542000000000003,0.30274525795324914,0.009437,0.0086249,0.0160376,0.31715339119544567,0.0099375,0.0079873,0.0169794,0.36017239253355476,40960.0,40960.0,40960.0,0.0,20480.0,20480.0,20480.0,0.0,0.0,0.0,0.0,,0.0,0.0,0.0,,0.0,0.0,0.0,,0.0,0.0,0.0,
layer=28|op=CONCAT|family=CONCAT,28,CONCAT,CONCAT,False,1,0.088666,0.08780879999999999,0.17530020000000002,0.43928659329494596,0.086875,0.08652499999999999,0.16818380000000002,0.4601040301539042,0.086458,0.0862502,0.17264960000000001,0.44529311505520264,163840.0,163840.0,163840.0,0.0,163840.0,163840.0,163840.0,0.0,0.0,0.0,0.0,,0.0,0.0,0.0,,0.0,0.0,0.0,,0.0,0.0,0.0,
layer=28|op=GATED_DELTA_NET|family=GATED_DELTA_NET,28,GATED_DELTA_NET,GATED_DELTA_NET,False,1,1.117292,1.072017,1.149717,0.03271124930706792,1.110667,1.06575,1.1423999999999999,0.032746945210216954,0.104125,0.0854418,0.217892,0.47228706475125726,3187072.0,3187072.0,3187072.0,0.0,3170304.0,3170304.0,3170304.0,0.0,0.0,0.0,0.0,,0.0,0.0,0.0,,0.0,0.0,0.0,,0.0,0.0,0.0,
layer=28|op=GET_ROWS|family=GET_ROWS,28,GET_ROWS,GET_ROWS,False,1,0.024125,0.0230668,0.0345332,0.23964773180337592,0.023166,0.0219832,0.032966800000000004,0.24553174551074228,0.023125,0.022083000000000002,0.0332832,0.25105126523113713,122884.0,122884.0,122884.0,0.0,122880.0,122880.0,122880.0,0.0,0.0,0.0,0.0,,0.0,0.0,0.0,,0.0,0.0,0.0,,0.0,0.0,0.0,
layer=28|op=GLU|family=GLU,28,GLU,GLU,False,1,0.048375,0.047708600000000004,0.127992,0.7042375210352447,0.046375,0.0460584,0.1258168,0.7161083419584815,0.045709,0.044524999999999995,0.1255752,0.741223262783147,139264.0,139264.0,139264.0,0.0,69632.0,69632.0,69632.0,0.0,0.0,0.0,0.0,,0.0,0.0,0.0,,0.0,0.0,0.0,,0.0,0.0,0.0,
layer=28|op=L2_NORM|family=L2_NORM,28,L2_NORM,L2_NORM,False,1,0.006229,0.0058834000000000004,0.0067457,0.06075479514926533,0.004896,0.0046459000000000006,0.0054041,0.06748170122336866,0.003896,0.0038041999999999998,0.0042164,0.0467621051465155,8192.0,8192.0,8192.0,0.0,8192.0,8192.0,8192.0,0.0,0.0,0.0,0.0,,0.0,0.0,0.0,,0.0,0.0,0.0,,0.0,0.0,0.0,
layer=28|op=MUL_MAT|family=MUL_MAT,28,MUL_MAT,MUL_MAT,False,1,2.271542,2.2649918,2.3158916,0.010396003946282975,2.2655,2.2591668,2.3099334,0.010393287352154865,0.162792,0.1486834,0.1668752,0.0521995580498813,12554240.0,12554240.0,12554240.0,0.0,24576.0,24576.0,24576.0,0.0,12533760.0,12533760.0,12533760.0,0.0,23674880.0,23674880.0,23674880.0,0.0,2.252333,2.2481998,2.2866578,0.007994992255371688,0.0,0.0,0.0,
layer=28|op=MUL|family=MUL,28,MUL,MUL,False,1,0.003,0.0028498,0.0033172,0.06808955559944402,0.002083,0.0017248,0.0025082,0.1658459130961673,0.001792,0.0016330000000000001,0.0019421999999999998,0.07662455902548046,384.0,384.0,384.0,0.0,192.0,192.0,192.0,0.0,0.0,0.0,0.0,,0.0,0.0,0.0,,0.0,0.0,0.0,,0.0,0.0,0.0,
layer=28|op=RMS_NORM|family=fused:RMS_NORM,28,RMS_NORM,fused:RMS_NORM,True,2,0.05125,0.0125336,0.0518422,0.5310704751967255,0.026875,0.0116416,0.0333578,0.4260982311814172,0.0295,0.0111004,0.050592,0.5757432689781202,20480.0,20480.0,20480.0,0.0,20480.0,20480.0,20480.0,0.0,0.0,0.0,0.0,,0.0,0.0,0.0,,0.0,0.0,0.0,,0.0,0.0,0.0,
layer=28|op=SSM_CONV|family=SSM_CONV,28,SSM_CONV,SSM_CONV,False,1,0.041208,0.04025,0.044191999999999995,0.043431116317785845,0.039792,0.0390918,0.0426,0.04108440394092632,0.017625,0.0154582,0.0195664,0.10437163135761128,327680.0,327680.0,327680.0,0.0,40960.0,40960.0,40960.0,0.0,0.0,0.0,0.0,,0.0,0.0,0.0,,0.0,0.0,0.0,,0.0,0.0,0.0,
layer=28|op=UNARY|family=UNARY,28,UNARY,UNARY,False,1,0.0045,0.0042,0.0047414,0.062367283883886925,0.003584,0.0031248,0.0039168,0.10124818922179409,0.003041,0.0027832,0.0032418,0.07193332670786134,192.0,192.0,192.0,0.0,192.0,192.0,192.0,0.0,0.0,0.0,0.0,,0.0,0.0,0.0,,0.0,0.0,0.0,,0.0,0.0,0.0,
layer=29|op=ADD|family=ADD,29,ADD,ADD,False,1,0.0108125,0.0102544,0.0151628,0.18588913629155338,0.0097915,0.009000000000000001,0.0130284,0.17140295142406023,0.008542000000000001,0.008108500000000001,0.0132542,0.23766150412776263,40960.0,40960.0,40960.0,0.0,20480.0,20480.0,20480.0,0.0,0.0,0.0,0.0,,0.0,0.0,0.0,,0.0,0.0,0.0,,0.0,0.0,0.0,
layer=29|op=CONCAT|family=CONCAT,29,CONCAT,CONCAT,False,1,0.089375,0.087584,0.46836679999999997,0.945620542037408,0.087959,0.08645019999999999,0.1668,0.4541395380661771,0.087125,0.085809,0.46565860000000003,0.9519361713432787,163840.0,163840.0,163840.0,0.0,163840.0,163840.0,163840.0,0.0,0.0,0.0,0.0,,0.0,0.0,0.0,,0.0,0.0,0.0,,0.0,0.0,0.0,
layer=29|op=GATED_DELTA_NET|family=GATED_DELTA_NET,29,GATED_DELTA_NET,GATED_DELTA_NET,False,1,1.090084,1.0736002,1.2060498,0.054540308530528527,1.08225,1.0673254,1.1991502,0.05479777744768264,0.168583,0.105975,0.242241,0.34591055684372546,3187072.0,3187072.0,3187072.0,0.0,3170304.0,3170304.0,3170304.0,0.0,0.0,0.0,0.0,,0.0,0.0,0.0,,0.0,0.0,0.0,,0.0,0.0,0.0,
layer=29|op=GET_ROWS|family=GET_ROWS,29,GET_ROWS,GET_ROWS,False,1,0.024209,0.0235332,0.0380668,0.23722550224120412,0.023292,0.022366399999999998,0.0344412,0.214010401198689,0.023167,0.0225918,0.0372584,0.24668481384088983,122884.0,122884.0,122884.0,0.0,122880.0,122880.0,122880.0,0.0,0.0,0.0,0.0,,0.0,0.0,0.0,,0.0,0.0,0.0,,0.0,0.0,0.0,
layer=29|op=GLU|family=GLU,29,GLU,GLU,False,1,0.048167,0.0468252,0.0492416,0.022742182940041135,0.04625,0.0457164,0.0472414,0.014885629833845532,0.045417,0.044683,0.0466418,0.01981838013491935,139264.0,139264.0,139264.0,0.0,69632.0,69632.0,69632.0,0.0,0.0,0.0,0.0,,0.0,0.0,0.0,,0.0,0.0,0.0,,0.0,0.0,0.0,
layer=29|op=L2_NORM|family=L2_NORM,29,L2_NORM,L2_NORM,False,1,0.006333500000000001,0.0059331,0.0064959,0.04217847864680669,0.0049375,0.0048043999999999995,0.0052209,0.03820027291476486,0.004125,0.0037874000000000002,0.0042289,0.049597378442312344,8192.0,8192.0,8192.0,0.0,8192.0,8192.0,8192.0,0.0,0.0,0.0,0.0,,0.0,0.0,0.0,,0.0,0.0,0.0,,0.0,0.0,0.0,
layer=29|op=MUL_MAT|family=MUL_MAT,29,MUL_MAT,MUL_MAT,False,1,2.269,2.26585,2.2964666,0.0074874900477292575,2.265,2.2602666,2.29065,0.007544959732298567,0.167459,0.14306660000000002,0.1985498,0.14784050678809288,12554240.0,12554240.0,12554240.0,0.0,24576.0,24576.0,24576.0,0.0,12533760.0,12533760.0,12533760.0,0.0,23674880.0,23674880.0,23674880.0,0.0,2.250583,2.249,2.2753578,0.0070272394119177085,0.0,0.0,0.0,
layer=29|op=MUL|family=MUL,29,MUL,MUL,False,1,0.003167,0.0029334,0.0033334,0.05792534569710522,0.002,0.001958,0.0023668,0.09761426718341215,0.001833,0.0016584,0.00195,0.0827511722772927,384.0,384.0,384.0,0.0,192.0,192.0,192.0,0.0,0.0,0.0,0.0,,0.0,0.0,0.0,,0.0,0.0,0.0,,0.0,0.0,0.0,
layer=29|op=RMS_NORM|family=fused:RMS_NORM,29,RMS_NORM,fused:RMS_NORM,True,2,0.022208,0.0123498,0.0511664,0.5939701355203603,0.016374,0.0113752,0.034542,0.5161075422983609,0.018917,0.0111334,0.043083800000000005,0.5943761785499884,20480.0,20480.0,20480.0,0.0,20480.0,20480.0,20480.0,0.0,0.0,0.0,0.0,,0.0,0.0,0.0,,0.0,0.0,0.0,,0.0,0.0,0.0,
layer=29|op=SSM_CONV|family=SSM_CONV,29,SSM_CONV,SSM_CONV,False,1,0.039833,0.03955,0.042716,0.04587948218650816,0.038916,0.038232999999999996,0.041491600000000003,0.04737354367901887,0.016667,0.01435,0.0189916,0.12300711445195964,327680.0,327680.0,327680.0,0.0,40960.0,40960.0,40960.0,0.0,0.0,0.0,0.0,,0.0,0.0,0.0,,0.0,0.0,0.0,,0.0,0.0,0.0,
layer=29|op=UNARY|family=UNARY,29,UNARY,UNARY,False,1,0.004417,0.0042502,0.0046334,0.03915581104367045,0.003375,0.0031582,0.0035748,0.059535879014771545,0.003083,0.0027002,0.0033496,0.09444452252937177,192.0,192.0,192.0,0.0,192.0,192.0,192.0,0.0,0.0,0.0,0.0,,0.0,0.0,0.0,,0.0,0.0,0.0,,0.0,0.0,0.0,
layer=2|op=ADD|family=ADD,2,ADD,ADD,False,1,0.0105,0.0099875,0.0120167,0.08384784210863751,0.0093545,0.0085001,0.0105915,0.10099203232747726,0.008937500000000001,0.0081709,0.009370900000000001,0.062224925559299676,40960.0,40960.0,40960.0,0.0,20480.0,20480.0,20480.0,0.0,0.0,0.0,0.0,,0.0,0.0,0.0,,0.0,0.0,0.0,,0.0,0.0,0.0,
layer=2|op=CONCAT|family=CONCAT,2,CONCAT,CONCAT,False,1,0.219709,0.08829139999999999,0.46287480000000003,0.7946441747121747,0.09075,0.0869248,0.16968280000000002,0.45147703085189556,0.218,0.08601679999999999,0.4614418,0.8013503436286183,163840.0,163840.0,163840.0,0.0,163840.0,163840.0,163840.0,0.0,0.0,0.0,0.0,,0.0,0.0,0.0,,0.0,0.0,0.0,,0.0,0.0,0.0,
layer=2|op=GATED_DELTA_NET|family=GATED_DELTA_NET,2,GATED_DELTA_NET,GATED_DELTA_NET,False,1,1.127208,1.114725,1.1836164,0.03313696125090082,1.118208,1.1080501999999999,1.1755996,0.033738894726886876,0.137625,0.1171412,0.19665860000000002,0.2374374930368394,3187072.0,3187072.0,3187072.0,0.0,3170304.0,3170304.0,3170304.0,0.0,0.0,0.0,0.0,,0.0,0.0,0.0,,0.0,0.0,0.0,,0.0,0.0,0.0,
layer=2|op=GET_ROWS|family=GET_ROWS,2,GET_ROWS,GET_ROWS,False,1,0.036833,0.0245336,0.0418588,0.22945401044597158,0.024459,0.0233172,0.0405666,0.2689954100806547,0.035333,0.022966399999999998,0.041075400000000005,0.2482931436274553,122884.0,122884.0,122884.0,0.0,122880.0,122880.0,122880.0,0.0,0.0,0.0,0.0,,0.0,0.0,0.0,,0.0,0.0,0.0,,0.0,0.0,0.0,
layer=2|op=GLU|family=GLU,2,GLU,GLU,False,1,0.047958,0.0473336,0.8754504000000001,1.704625277258074,0.046292,0.0458838,0.055784,0.12768261795198946,0.045333,0.0448004,0.8720334000000003,1.718597782183913,139264.0,139264.0,139264.0,0.0,69632.0,69632.0,69632.0,0.0,0.0,0.0,0.0,,0.0,0.0,0.0,,0.0,0.0,0.0,,0.0,0.0,0.0,
layer=2|op=L2_NORM|family=L2_NORM,2,L2_NORM,L2_NORM,False,1,0.0068125,0.0065794,0.0072416,0.04885804392238181,0.005396,0.0048963,0.005420899999999999,0.05105247368241667,0.0046040000000000005,0.0041123,0.004774800000000001,0.0667613110264147,8192.0,8192.0,8192.0,0.0,8192.0,8192.0,8192.0,0.0,0.0,0.0,0.0,,0.0,0.0,0.0,,0.0,0.0,0.0,,0.0,0.0,0.0,
layer=2|op=MUL_MAT|family=MUL_MAT,2,MUL_MAT,MUL_MAT,False,1,2.271,2.2650582,2.2950836,0.007228683936522181,2.264042,2.2611168,2.288625,0.0071228358521322945,0.179709,0.157775,0.220975,0.15854355911923673,12554240.0,12554240.0,12554240.0,0.0,24576.0,24576.0,24576.0,0.0,12533760.0,12533760.0,12533760.0,0.0,23674880.0,23674880.0,23674880.0,0.0,2.251833,2.2506416,2.2747416,0.006638969110847399,0.0,0.0,0.0,
layer=2|op=MUL|family=MUL,2,MUL,MUL,False,1,0.003125,0.00305,0.0037,0.10873257647278274,0.002291,0.0020080000000000002,0.0024918,0.10081515359261012,0.001709,0.001475,0.0022672,0.2246115026217041,384.0,384.0,384.0,0.0,192.0,192.0,192.0,0.0,0.0,0.0,0.0,,0.0,0.0,0.0,,0.0,0.0,0.0,,0.0,0.0,0.0,
layer=2|op=RMS_NORM|family=fused:RMS_NORM,2,RMS_NORM,fused:RMS_NORM,True,2,0.0525,0.0287172,0.28140840000000006,1.1523091548601767,0.027792,0.0175668,0.038424400000000004,0.3567911162385705,0.050792,0.019658000000000002,0.2568248,1.2451721432785303,20480.0,20480.0,20480.0,0.0,20480.0,20480.0,20480.0,0.0,0.0,0.0,0.0,,0.0,0.0,0.0,,0.0,0.0,0.0,,0.0,0.0,0.0,
layer=2|op=SSM_CONV|family=SSM_CONV,2,SSM_CONV,SSM_CONV,False,1,0.040958,0.0387748,0.0432246,0.04981732535659302,0.03975,0.037141799999999996,0.041233,0.04968459134024289,0.016958,0.0150746,0.0176414,0.07134791998101368,327680.0,327680.0,327680.0,0.0,40960.0,40960.0,40960.0,0.0,0.0,0.0,0.0,,0.0,0.0,0.0,,0.0,0.0,0.0,,0.0,0.0,0.0,
layer=2|op=UNARY|family=UNARY,2,UNARY,UNARY,False,1,0.005125,0.004558,0.0258754,0.7829367394729467,0.003792,0.0035086,0.009591200000000001,0.6703311249352327,0.003667,0.0031078,0.0237,0.8716346585750496,192.0,192.0,192.0,0.0,192.0,192.0,192.0,0.0,0.0,0.0,0.0,,0.0,0.0,0.0,,0.0,0.0,0.0,,0.0,0.0,0.0,
layer=30|op=ADD|family=ADD,30,ADD,ADD,False,1,0.011124499999999999,0.010895599999999998,0.0171749,0.22509023707078232,0.0098955,0.009504,0.0151956,0.23125984948572853,0.009062500000000001,0.008791700000000001,0.0157627,0.2889627150344327,40960.0,40960.0,40960.0,0.0,20480.0,20480.0,20480.0,0.0,0.0,0.0,0.0,,0.0,0.0,0.0,,0.0,0.0,0.0,,0.0,0.0,0.0,
layer=30|op=CONCAT|family=CONCAT,30,CONCAT,CONCAT,False,1,0.087666,0.08750899999999999,0.0887502,0.007105313739039747,0.0865,0.08647479999999999,0.0871,0.0035367585881709387,0.086042,0.085742,0.08714999999999999,0.007752559984164782,163840.0,163840.0,163840.0,0.0,163840.0,163840.0,163840.0,0.0,0.0,0.0,0.0,,0.0,0.0,0.0,,0.0,0.0,0.0,,0.0,0.0,0.0,
layer=30|op=GATED_DELTA_NET|family=GATED_DELTA_NET,30,GATED_DELTA_NET,GATED_DELTA_NET,False,1,1.144583,1.095608,1.1798414,0.03405402887106196,1.130083,1.0882912,1.168033,0.03338000719688509,0.132958,0.0917666,0.2011,0.3766337188462075,3187072.0,3187072.0,3187072.0,0.0,3170304.0,3170304.0,3170304.0,0.0,0.0,0.0,0.0,,0.0,0.0,0.0,,0.0,0.0,0.0,,0.0,0.0,0.0,
layer=30|op=GET_ROWS|family=GET_ROWS,30,GET_ROWS,GET_ROWS,False,1,0.023291,0.0229418,0.0330914,0.23768532662523142,0.022167,0.0218082,0.02375,0.04922387773809784,0.022333,0.0219332,0.032,0.2468220107738871,122884.0,122884.0,122884.0,0.0,122880.0,122880.0,122880.0,0.0,0.0,0.0,0.0,,0.0,0.0,0.0,,0.0,0.0,0.0,,0.0,0.0,0.0,
layer=30|op=GLU|family=GLU,30,GLU,GLU,False,1,0.074667,0.0471246,0.15415820000000002,0.5480197399703542,0.053124,0.045766,0.1354418,0.6462679009104497,0.072584,0.044399999999999995,0.15199200000000002,0.5659677470192533,139264.0,139264.0,139264.0,0.0,69632.0,69632.0,69632.0,0.0,0.0,0.0,0.0,,0.0,0.0,0.0,,0.0,0.0,0.0,,0.0,0.0,0.0,
layer=30|op=L2_NORM|family=L2_NORM,30,L2_NORM,L2_NORM,False,1,0.0060205,0.005854,0.0063877000000000005,0.039774272722348895,0.0048330000000000005,0.0047832000000000005,0.0051375,0.03335447093022953,0.0037920000000000002,0.0037459,0.004129,0.04755515155253684,8192.0,8192.0,8192.0,0.0,8192.0,8192.0,8192.0,0.0,0.0,0.0,0.0,,0.0,0.0,0.0,,0.0,0.0,0.0,,0.0,0.0,0.0,
layer=30|op=MUL_MAT|family=MUL_MAT,30,MUL_MAT,MUL_MAT,False,1,2.276,2.2667336,2.288375,0.00419166480014547,2.268375,2.26215,2.2828754,0.004087530008314542,0.161292,0.1539,0.1781998,0.06607043916050279,12554240.0,12554240.0,12554240.0,0.0,24576.0,24576.0,24576.0,0.0,12533760.0,12533760.0,12533760.0,0.0,23674880.0,23674880.0,23674880.0,0.0,2.250417,2.2437078,2.2685,0.004980088280876679,0.0,0.0,0.0,
layer=30|op=MUL|family=MUL,30,MUL,MUL,False,1,0.003,0.0029334,0.00325,0.04724476916405728,0.001958,0.0018662,0.0020918,0.05110319072530133,0.001625,0.001583,0.0017918,0.06525613428813873,384.0,384.0,384.0,0.0,192.0,192.0,192.0,0.0,0.0,0.0,0.0,,0.0,0.0,0.0,,0.0,0.0,0.0,,0.0,0.0,0.0,
layer=30|op=RMS_NORM|family=fused:RMS_NORM,30,RMS_NORM,fused:RMS_NORM,True,2,0.049792,0.026949800000000003,0.0511748,0.3617486738552781,0.036042,0.018282800000000002,0.042707600000000005,0.3644056830971589,0.045125,0.0203002,0.0476002,0.37826272362706925,20480.0,20480.0,20480.0,0.0,20480.0,20480.0,20480.0,0.0,0.0,0.0,0.0,,0.0,0.0,0.0,,0.0,0.0,0.0,,0.0,0.0,0.0,
layer=30|op=SSM_CONV|family=SSM_CONV,30,SSM_CONV,SSM_CONV,False,1,0.040166,0.0394248,0.0411088,0.019424808249610626,0.039083,0.0377498,0.0400002,0.02783764305513705,0.014,0.0121916,0.015316399999999999,0.09998383881920511,327680.0,327680.0,327680.0,0.0,40960.0,40960.0,40960.0,0.0,0.0,0.0,0.0,,0.0,0.0,0.0,,0.0,0.0,0.0,,0.0,0.0,0.0,
layer=30|op=UNARY|family=UNARY,30,UNARY,UNARY,False,1,0.0045,0.0041,0.0045666000000000005,0.05039240629544195,0.003417,0.003183,0.0034836,0.044184176896075414,0.002916,0.0028252,0.0031588,0.057868767865456534,192.0,192.0,192.0,0.0,192.0,192.0,192.0,0.0,0.0,0.0,0.0,,0.0,0.0,0.0,,0.0,0.0,0.0,,0.0,0.0,0.0,
layer=31|op=ADD|family=ADD,31,ADD,ADD,False,1,0.0113745,0.0106669,0.020516799999999998,0.3174413182116061,0.0101245,0.0094751,0.0187334,0.3311032104367005,0.0091665,0.008825300000000001,0.018879200000000002,0.3741554257715364,40960.0,40960.0,40960.0,0.0,20480.0,20480.0,20480.0,0.0,0.0,0.0,0.0,,0.0,0.0,0.0,,0.0,0.0,0.0,,0.0,0.0,0.0,
layer=31|op=CONT|family=CONT,31,CONT,CONT,False,1,0.008667,0.008591999999999999,0.008942199999999999,0.018328481563470438,0.007166,0.0069162,0.0076170000000000005,0.042905442801773344,0.004916,0.0043998,0.005233600000000001,0.08624251081252178,48128.0,48128.0,48128.0,0.0,24576.0,24576.0,24576.0,0.0,0.0,0.0,0.0,,0.0,0.0,0.0,,0.0,0.0,0.0,,0.0,0.0,0.0,
layer=31|op=FLASH_ATTN_EXT|family=FLASH_ATTN_EXT,31,FLASH_ATTN_EXT,FLASH_ATTN_EXT,False,1,0.078334,0.0757084,0.079625,0.022353824455343167,0.076667,0.07385839999999999,0.077425,0.02147254259061357,0.021042,0.020525,0.02205,0.034186104495311724,1073664.0,1073664.0,1073664.0,0.0,24576.0,24576.0,24576.0,0.0,0.0,0.0,0.0,,0.0,0.0,0.0,,0.0,0.0,0.0,,0.0,0.0,0.0,
layer=31|op=GLU|family=GLU,31,GLU,GLU,False,1,0.048291,0.0465498,0.1807252,0.6499615747282117,0.047041,0.044875,0.17811659999999999,0.6577702291508654,0.045125,0.0446502,0.178975,0.6670265177717947,139264.0,139264.0,139264.0,0.0,69632.0,69632.0,69632.0,0.0,0.0,0.0,0.0,,0.0,0.0,0.0,,0.0,0.0,0.0,,0.0,0.0,0.0,
layer=31|op=MUL_MAT|family=MUL_MAT,31,MUL_MAT,MUL_MAT,False,1,1.637959,1.6155831999999999,1.8570419999999999,0.075830097144811,1.632084,1.6091418,1.8504504,0.07612158551941897,0.127791,0.094666,0.1421586,0.18202716080850115,8867840.0,8867840.0,8867840.0,0.0,20480.0,20480.0,20480.0,0.0,8847360.0,8847360.0,8847360.0,0.0,16711680.0,16711680.0,16711680.0,0.0,1.620166,1.5940336,1.632717,0.010992564620718964,0.0,0.0,0.0,
layer=31|op=MUL|family=MUL,31,MUL,MUL,False,1,0.0055,0.004825,0.0157578,0.5596664871620232,0.004834,0.0041002,0.014775,0.5972185245338373,0.004167,0.0034662,0.0142748,0.6500235995869619,49152.0,49152.0,49152.0,0.0,24576.0,24576.0,24576.0,0.0,0.0,0.0,0.0,,0.0,0.0,0.0,,0.0,0.0,0.0,,0.0,0.0,0.0,
layer=31|op=RMS_NORM|family=fused:RMS_NORM,31,RMS_NORM,fused:RMS_NORM,True,2,0.01125,0.0111208,0.0194041,0.2860342162890173,0.0102915,0.0100833,0.0156998,0.21767080481820278,0.009896,0.009442,0.0142915,0.2486690205351058,20480.0,20480.0,20480.0,0.0,20480.0,20480.0,20480.0,0.0,0.0,0.0,0.0,,0.0,0.0,0.0,,0.0,0.0,0.0,,0.0,0.0,0.0,
layer=31|op=ROPE|family=ROPE,31,ROPE,ROPE,False,1,0.013667,0.013121,0.0141333,0.0331168819288879,0.0116665,0.0115541,0.0120081,0.017375955554343857,0.009188,0.008508,0.0095294,0.05149961476951897,14352.0,14352.0,14352.0,0.0,14336.0,14336.0,14336.0,0.0,0.0,0.0,0.0,,0.0,0.0,0.0,,0.0,0.0,0.0,,0.0,0.0,0.0,
layer=31|op=UNARY|family=UNARY,31,UNARY,UNARY,False,1,0.057667,0.0573916,0.22016639999999998,0.6500387701183971,0.056958,0.0565582,0.2190582,0.6536816710790219,0.055667,0.0554004,0.21775,0.6601803702000845,24576.0,24576.0,24576.0,0.0,24576.0,24576.0,24576.0,0.0,0.0,0.0,0.0,,0.0,0.0,0.0,,0.0,0.0,0.0,,0.0,0.0,0.0,
layer=32|op=ADD|family=ADD,32,ADD,ADD,False,1,0.010499999999999999,0.0099919,0.019386999999999998,0.33911304481658233,0.009417,0.008863000000000001,0.0137663,0.21025612689155462,0.008333,0.0077458,0.0176664,0.4148156762928028,40960.0,40960.0,40960.0,0.0,20480.0,20480.0,20480.0,0.0,0.0,0.0,0.0,,0.0,0.0,0.0,,0.0,0.0,0.0,,0.0,0.0,0.0,
layer=32|op=CONCAT|family=CONCAT,32,CONCAT,CONCAT,False,1,0.08825,0.08777499999999999,0.2201086,0.4594726396542885,0.086875,0.08661659999999999,0.2175918,0.46093470101912903,0.086209,0.08593300000000001,0.21824200000000002,0.4661687682956933,163840.0,163840.0,163840.0,0.0,163840.0,163840.0,163840.0,0.0,0.0,0.0,0.0,,0.0,0.0,0.0,,0.0,0.0,0.0,,0.0,0.0,0.0,
layer=32|op=GATED_DELTA_NET|family=GATED_DELTA_NET,32,GATED_DELTA_NET,GATED_DELTA_NET,False,1,1.140166,1.0839162,1.1564832,0.029490805898139762,1.130833,1.0768336,1.1494664,0.029478876796482208,0.19275,0.087658,0.2334666,0.39774532752102837,3187072.0,3187072.0,3187072.0,0.0,3170304.0,3170304.0,3170304.0,0.0,0.0,0.0,0.0,,0.0,0.0,0.0,,0.0,0.0,0.0,,0.0,0.0,0.0,
layer=32|op=GET_ROWS|family=GET_ROWS,32,GET_ROWS,GET_ROWS,False,1,0.024417,0.023475,0.0373504,0.22537110166957008,0.02325,0.022233199999999998,0.036175,0.2361168042928913,0.023417,0.0218672,0.0364172,0.24416403596253444,122884.0,122884.0,122884.0,0.0,122880.0,122880.0,122880.0,0.0,0.0,0.0,0.0,,0.0,0.0,0.0,,0.0,0.0,0.0,,0.0,0.0,0.0,
layer=32|op=GLU|family=GLU,32,GLU,GLU,False,1,0.047208,0.0465916,0.3898918000000001,1.4166693496017608,0.045958,0.045274999999999996,0.1287252,0.7511724302895127,0.0445,0.0440416,0.3862164,1.440175020170878,139264.0,139264.0,139264.0,0.0,69632.0,69632.0,69632.0,0.0,0.0,0.0,0.0,,0.0,0.0,0.0,,0.0,0.0,0.0,,0.0,0.0,0.0,
layer=32|op=L2_NORM|family=L2_NORM,32,L2_NORM,L2_NORM,False,1,0.0062285,0.0059251,0.0063335,0.029941553078450315,0.004833499999999999,0.004778900000000001,0.00505,0.02659868084408496,0.003958,0.0037998999999999997,0.0042626,0.055802308733167966,8192.0,8192.0,8192.0,0.0,8192.0,8192.0,8192.0,0.0,0.0,0.0,0.0,,0.0,0.0,0.0,,0.0,0.0,0.0,,0.0,0.0,0.0,
layer=32|op=MUL_MAT|family=MUL_MAT,32,MUL_MAT,MUL_MAT,False,1,2.273583,2.2652996,2.3002662000000003,0.007901565410979187,2.268,2.2604914,2.2761664,0.00306610448499906,0.176459,0.142241,0.18650840000000002,0.12057818146138773,12554240.0,12554240.0,12554240.0,0.0,24576.0,24576.0,24576.0,0.0,12533760.0,12533760.0,12533760.0,0.0,23674880.0,23674880.0,23674880.0,0.0,2.254333,2.2444836,2.2612001999999998,0.0032824611513881407,0.0,0.0,0.0,
layer=32|op=MUL|family=MUL,32,MUL,MUL,False,1,0.003084,0.0030578,0.0033422,0.04790748201372977,0.001958,0.001842,0.0024332,0.1282723152050845,0.001708,0.0015578,0.0019752,0.10667903542703142,384.0,384.0,384.0,0.0,192.0,192.0,192.0,0.0,0.0,0.0,0.0,,0.0,0.0,0.0,,0.0,0.0,0.0,,0.0,0.0,0.0,
layer=32|op=RMS_NORM|family=fused:RMS_NORM,32,RMS_NORM,fused:RMS_NORM,True,2,0.040625,0.0122668,0.050142,0.5232972295430176,0.020542,0.011474999999999999,0.04281700000000001,0.573876916727582,0.022791,0.0105998,0.047642000000000004,0.6009304383636085,20480.0,20480.0,20480.0,0.0,20480.0,20480.0,20480.0,0.0,0.0,0.0,0.0,,0.0,0.0,0.0,,0.0,0.0,0.0,,0.0,0.0,0.0,
layer=32|op=SSM_CONV|family=SSM_CONV,32,SSM_CONV,SSM_CONV,False,1,0.043167,0.0400998,0.044591599999999995,0.05162547111169096,0.041375,0.03885,0.043008199999999996,0.04918955159432199,0.018042,0.0156086,0.0220414,0.15719959158127875,327680.0,327680.0,327680.0,0.0,40960.0,40960.0,40960.0,0.0,0.0,0.0,0.0,,0.0,0.0,0.0,,0.0,0.0,0.0,,0.0,0.0,0.0,
layer=32|op=UNARY|family=UNARY,32,UNARY,UNARY,False,1,0.004167,0.0040998,0.004375,0.029662008355470244,0.00325,0.0029082,0.0034668,0.07702703462096927,0.002875,0.0026333999999999997,0.0030078,0.0587499905105101,192.0,192.0,192.0,0.0,192.0,192.0,192.0,0.0,0.0,0.0,0.0,,0.0,0.0,0.0,,0.0,0.0,0.0,,0.0,0.0,0.0,
layer=33|op=ADD|family=ADD,33,ADD,ADD,False,1,0.0105205,0.0100999,0.0161704,0.3085164175098675,0.009208000000000001,0.0088792,0.0145585,0.3318068014989154,0.0078745,0.007729,0.014274700000000001,0.40120922872906245,40960.0,40960.0,40960.0,0.0,20480.0,20480.0,20480.0,0.0,0.0,0.0,0.0,,0.0,0.0,0.0,,0.0,0.0,0.0,,0.0,0.0,0.0,
layer=33|op=CONCAT|family=CONCAT,33,CONCAT,CONCAT,False,1,0.087875,0.0875996,0.1197336,0.2150267123947549,0.08675,0.08646659999999999,0.1051002,0.13142078346204064,0.086,0.0859328,0.117825,0.2188194925890849,163840.0,163840.0,163840.0,0.0,163840.0,163840.0,163840.0,0.0,0.0,0.0,0.0,,0.0,0.0,0.0,,0.0,0.0,0.0,,0.0,0.0,0.0,
layer=33|op=GATED_DELTA_NET|family=GATED_DELTA_NET,33,GATED_DELTA_NET,GATED_DELTA_NET,False,1,1.151708,1.0891502,1.2032582,0.04598307748023591,1.141667,1.0823916,1.1960754,0.04625464217864908,0.192875,0.0937914,0.2565666,0.4010934926578592,3187072.0,3187072.0,3187072.0,0.0,3170304.0,3170304.0,3170304.0,0.0,0.0,0.0,0.0,,0.0,0.0,0.0,,0.0,0.0,0.0,,0.0,0.0,0.0,
layer=33|op=GET_ROWS|family=GET_ROWS,33,GET_ROWS,GET_ROWS,False,1,0.024042,0.0235162,0.0249166,0.027627700325077543,0.022958,0.022175399999999998,0.023825,0.034940335369454324,0.023042,0.022583,0.0237916,0.023831489476986076,122884.0,122884.0,122884.0,0.0,122880.0,122880.0,122880.0,0.0,0.0,0.0,0.0,,0.0,0.0,0.0,,0.0,0.0,0.0,,0.0,0.0,0.0,
layer=33|op=GLU|family=GLU,33,GLU,GLU,False,1,0.047875,0.046275,0.1717166,0.6322792579501593,0.046541,0.044975,0.128217,0.725725888751388,0.045709,0.043633599999999995,0.167575,0.6458130289150952,139264.0,139264.0,139264.0,0.0,69632.0,69632.0,69632.0,0.0,0.0,0.0,0.0,,0.0,0.0,0.0,,0.0,0.0,0.0,,0.0,0.0,0.0,
layer=33|op=L2_NORM|family=L2_NORM,33,L2_NORM,L2_NORM,False,1,0.0059995,0.0057249,0.006449900000000001,0.05291051173023244,0.004771,0.004699900000000001,0.005017,0.029673705069117127,0.004146,0.0037127,0.0043496,0.0717838653348334,8192.0,8192.0,8192.0,0.0,8192.0,8192.0,8192.0,0.0,0.0,0.0,0.0,,0.0,0.0,0.0,,0.0,0.0,0.0,,0.0,0.0,0.0,
layer=33|op=MUL_MAT|family=MUL_MAT,33,MUL_MAT,MUL_MAT,False,1,2.279583,2.2700584,2.3144252,0.008973783568132785,2.276042,2.2649748,2.3071918,0.008546575760894603,0.169917,0.1475332,0.1830166,0.09811650417070411,12554240.0,12554240.0,12554240.0,0.0,24576.0,24576.0,24576.0,0.0,12533760.0,12533760.0,12533760.0,0.0,23674880.0,23674880.0,23674880.0,0.0,2.26175,2.250917,2.2897084,0.0077023976241783676,0.0,0.0,0.0,
layer=33|op=MUL|family=MUL,33,MUL,MUL,False,1,0.003166,0.0029252,0.003533,0.08587192128973821,0.001958,0.0017084000000000001,0.0023418000000000002,0.14034408527375278,0.00175,0.001708,0.0018916,0.05203257147884249,384.0,384.0,384.0,0.0,192.0,192.0,192.0,0.0,0.0,0.0,0.0,,0.0,0.0,0.0,,0.0,0.0,0.0,,0.0,0.0,0.0,
layer=33|op=RMS_NORM|family=fused:RMS_NORM,33,RMS_NORM,fused:RMS_NORM,True,2,0.013042,0.0125168,0.03577480000000001,0.7335167698848671,0.011958,0.0114502,0.025924400000000004,0.5694693718014003,0.011917,0.0112914,0.025799600000000006,0.5520161302916798,20480.0,20480.0,20480.0,0.0,20480.0,20480.0,20480.0,0.0,0.0,0.0,0.0,,0.0,0.0,0.0,,0.0,0.0,0.0,,0.0,0.0,0.0,
layer=33|op=SSM_CONV|family=SSM_CONV,33,SSM_CONV,SSM_CONV,False,1,0.042375,0.039717,0.043208399999999994,0.038427818796247196,0.0405,0.0382172,0.042025,0.0423708791264451,0.016417,0.015183199999999999,0.0177422,0.06910312707567977,327680.0,327680.0,327680.0,0.0,40960.0,40960.0,40960.0,0.0,0.0,0.0,0.0,,0.0,0.0,0.0,,0.0,0.0,0.0,,0.0,0.0,0.0,
layer=33|op=UNARY|family=UNARY,33,UNARY,UNARY,False,1,0.004542,0.0041752,0.0047752,0.06084860600035039,0.003583,0.0033164,0.0037252,0.05820213961554297,0.003041,0.0027418,0.0033168,0.09324822357586572,192.0,192.0,192.0,0.0,192.0,192.0,192.0,0.0,0.0,0.0,0.0,,0.0,0.0,0.0,,0.0,0.0,0.0,,0.0,0.0,0.0,
layer=34|op=ADD|family=ADD,34,ADD,ADD,False,1,0.011146,0.0098832,0.0200334,0.3336849193801832,0.0101875,0.0085247,0.0179626,0.344855172546345,0.0083545,0.0078207,0.0184122,0.4173210521866189,40960.0,40960.0,40960.0,0.0,20480.0,20480.0,20480.0,0.0,0.0,0.0,0.0,,0.0,0.0,0.0,,0.0,0.0,0.0,,0.0,0.0,0.0,
layer=34|op=CONCAT|family=CONCAT,34,CONCAT,CONCAT,False,1,0.18225,0.0882748,0.21996659999999998,0.3749888134297016,0.089375,0.08716639999999999,0.2019246,0.41886141867656523,0.179625,0.0857246,0.2182418,0.3825062048406148,163840.0,163840.0,163840.0,0.0,163840.0,163840.0,163840.0,0.0,0.0,0.0,0.0,,0.0,0.0,0.0,,0.0,0.0,0.0,,0.0,0.0,0.0,
layer=34|op=GATED_DELTA_NET|family=GATED_DELTA_NET,34,GATED_DELTA_NET,GATED_DELTA_NET,False,1,1.136166,1.0918834,1.1905082,0.039875410094979385,1.127291,1.0845998,1.1849336,0.0406556577760707,0.184208,0.1388832,0.2431496,0.2495600113893751,3187072.0,3187072.0,3187072.0,0.0,3170304.0,3170304.0,3170304.0,0.0,0.0,0.0,0.0,,0.0,0.0,0.0,,0.0,0.0,0.0,,0.0,0.0,0.0,
layer=34|op=GET_ROWS|family=GET_ROWS,34,GET_ROWS,GET_ROWS,False,1,0.025209,0.0241666,0.035567,0.2501626952577003,0.023834,0.0229916,0.0339836,0.2538221392005845,0.024292,0.022858,0.03465,0.26420190466062754,122884.0,122884.0,122884.0,0.0,122880.0,122880.0,122880.0,0.0,0.0,0.0,0.0,,0.0,0.0,0.0,,0.0,0.0,0.0,,0.0,0.0,0.0,
layer=34|op=GLU|family=GLU,34,GLU,GLU,False,1,0.055792,0.0470086,0.1821166,0.6295853597667295,0.047792,0.045517,0.179475,0.6546555521255409,0.050292,0.044617199999999996,0.1795584,0.6530132807863003,139264.0,139264.0,139264.0,0.0,69632.0,69632.0,69632.0,0.0,0.0,0.0,0.0,,0.0,0.0,0.0,,0.0,0.0,0.0,,0.0,0.0,0.0,
layer=34|op=L2_NORM|family=L2_NORM,34,L2_NORM,L2_NORM,False,1,0.0060420000000000005,0.0058752000000000006,0.0061668,0.024178847883751124,0.0048125,0.0047417,0.004950199999999999,0.0200911191679967,0.0038545000000000003,0.0037667,0.0043374,0.0657780356182519,8192.0,8192.0,8192.0,0.0,8192.0,8192.0,8192.0,0.0,0.0,0.0,0.0,,0.0,0.0,0.0,,0.0,0.0,0.0,,0.0,0.0,0.0,
layer=34|op=MUL_MAT|family=MUL_MAT,34,MUL_MAT,MUL_MAT,False,1,2.309667,2.2703166,2.3182838,0.009602321641320489,2.30275,2.2649250000000003,2.3119669999999997,0.009440455175831156,0.17125,0.16179179999999999,0.1881836,0.06889342079047711,12554240.0,12554240.0,12554240.0,0.0,24576.0,24576.0,24576.0,0.0,12533760.0,12533760.0,12533760.0,0.0,23674880.0,23674880.0,23674880.0,0.0,2.28575,2.2479502,2.2906416,0.008768153466678018,0.0,0.0,0.0,
layer=34|op=MUL|family=MUL,34,MUL,MUL,False,1,0.00325,0.0029502,0.0035832,0.09026226088263559,0.001959,0.0018080000000000001,0.0022828,0.11382287938876304,0.001917,0.0017586,0.0021672,0.10827904806689696,384.0,384.0,384.0,0.0,192.0,192.0,192.0,0.0,0.0,0.0,0.0,,0.0,0.0,0.0,,0.0,0.0,0.0,,0.0,0.0,0.0,
layer=34|op=RMS_NORM|family=fused:RMS_NORM,34,RMS_NORM,fused:RMS_NORM,True,2,0.046916,0.022984,0.0513084,0.36203727496446547,0.028541,0.0179838,0.0385666,0.3419678020792312,0.028167,0.0146588,0.0483,0.4795330836533332,20480.0,20480.0,20480.0,0.0,20480.0,20480.0,20480.0,0.0,0.0,0.0,0.0,,0.0,0.0,0.0,,0.0,0.0,0.0,,0.0,0.0,0.0,
layer=34|op=SSM_CONV|family=SSM_CONV,34,SSM_CONV,SSM_CONV,False,1,0.039041,0.0383752,0.042124800000000004,0.043194267518614826,0.037541,0.036833,0.040583,0.044594420774708564,0.017083,0.0160248,0.019300200000000003,0.09750349164260759,327680.0,327680.0,327680.0,0.0,40960.0,40960.0,40960.0,0.0,0.0,0.0,0.0,,0.0,0.0,0.0,,0.0,0.0,0.0,,0.0,0.0,0.0,
layer=34|op=UNARY|family=UNARY,34,UNARY,UNARY,False,1,0.004416,0.0042748000000000005,0.0047666,0.05298316100841201,0.003292,0.0032416,0.0035832,0.05684813354953567,0.002833,0.0027170000000000002,0.0031916,0.07327669414921377,192.0,192.0,192.0,0.0,192.0,192.0,192.0,0.0,0.0,0.0,0.0,,0.0,0.0,0.0,,0.0,0.0,0.0,,0.0,0.0,0.0,
layer=35|op=ADD|family=ADD,35,ADD,ADD,False,1,0.01225,0.01055,0.0186539,0.26128121451211145,0.010707999999999999,0.0094586,0.015416400000000002,0.2431026998763263,0.0097085,0.0084373,0.0164667,0.3112180977326241,40960.0,40960.0,40960.0,0.0,20480.0,20480.0,20480.0,0.0,0.0,0.0,0.0,,0.0,0.0,0.0,,0.0,0.0,0.0,,0.0,0.0,0.0,
layer=35|op=CONT|family=CONT,35,CONT,CONT,False,1,0.00875,0.0080582,0.0092,0.05873022809627824,0.007458,0.0069416,0.0080996,0.06801565414207109,0.004458,0.0041254,0.004834,0.08055131724523447,48128.0,48128.0,48128.0,0.0,24576.0,24576.0,24576.0,0.0,0.0,0.0,0.0,,0.0,0.0,0.0,,0.0,0.0,0.0,,0.0,0.0,0.0,
layer=35|op=FLASH_ATTN_EXT|family=FLASH_ATTN_EXT,35,FLASH_ATTN_EXT,FLASH_ATTN_EXT,False,1,0.078333,0.0767418,0.0812004,0.025257215170709748,0.075709,0.0744586,0.0782332,0.022103831752198388,0.021084,0.0202502,0.023325000000000002,0.07485208866229111,1073664.0,1073664.0,1073664.0,0.0,24576.0,24576.0,24576.0,0.0,0.0,0.0,0.0,,0.0,0.0,0.0,,0.0,0.0,0.0,,0.0,0.0,0.0,
layer=35|op=GLU|family=GLU,35,GLU,GLU,False,1,0.047125,0.0467918,0.1281084,0.7270786329699898,0.045875,0.0454916,0.12578340000000002,0.7360480543463644,0.0445,0.0441,0.12553340000000002,0.7496196787072559,139264.0,139264.0,139264.0,0.0,69632.0,69632.0,69632.0,0.0,0.0,0.0,0.0,,0.0,0.0,0.0,,0.0,0.0,0.0,,0.0,0.0,0.0,
layer=35|op=MUL_MAT|family=MUL_MAT,35,MUL_MAT,MUL_MAT,False,1,1.650583,1.6279078,1.7954252,0.04988507286367888,1.636291,1.6107996,1.64465,0.009360704278216931,0.16225,0.13844199999999998,0.1741672,0.11129776570400858,8867840.0,8867840.0,8867840.0,0.0,20480.0,20480.0,20480.0,0.0,8847360.0,8847360.0,8847360.0,0.0,16711680.0,16711680.0,16711680.0,0.0,1.625541,1.5963334,1.6336916,0.010546538399383708,0.0,0.0,0.0,
layer=35|op=MUL|family=MUL,35,MUL,MUL,False,1,0.005334,0.0049748,0.0116078,0.5644683174286469,0.004542,0.0041414,0.010624800000000002,0.6237094861739781,0.003833,0.0036414,0.0098416,0.6873520148552311,49152.0,49152.0,49152.0,0.0,24576.0,24576.0,24576.0,0.0,0.0,0.0,0.0,,0.0,0.0,0.0,,0.0,0.0,0.0,,0.0,0.0,0.0,
layer=35|op=RMS_NORM|family=fused:RMS_NORM,35,RMS_NORM,fused:RMS_NORM,True,2,0.014479,0.0118836,0.027041500000000003,0.49340444618067475,0.0102915,0.0098713,0.015503900000000001,0.2349577946707181,0.010499999999999999,0.0096668,0.0228585,0.5820915729117828,20480.0,20480.0,20480.0,0.0,20480.0,20480.0,20480.0,0.0,0.0,0.0,0.0,,0.0,0.0,0.0,,0.0,0.0,0.0,,0.0,0.0,0.0,
layer=35|op=ROPE|family=ROPE,35,ROPE,ROPE,False,1,0.0163955,0.0147794,0.0187541,0.10985973412750764,0.012042,0.0117084,0.014296099999999999,0.09375421395486791,0.0097705,0.0087042,0.0105205,0.08664037589336636,14352.0,14352.0,14352.0,0.0,14336.0,14336.0,14336.0,0.0,0.0,0.0,0.0,,0.0,0.0,0.0,,0.0,0.0,0.0,,0.0,0.0,0.0,
layer=35|op=UNARY|family=UNARY,35,UNARY,UNARY,False,1,0.058125,0.0578914,0.15537540000000002,0.7155830725493245,0.057208,0.056600000000000004,0.1542002,0.7240071200335796,0.055958,0.0556914,0.15305900000000003,0.7337129123015632,24576.0,24576.0,24576.0,0.0,24576.0,24576.0,24576.0,0.0,0.0,0.0,0.0,,0.0,0.0,0.0,,0.0,0.0,0.0,,0.0,0.0,0.0,
layer=36|op=ADD|family=ADD,36,ADD,ADD,False,1,0.01875,0.012308300000000001,0.0203624,0.22341580375633224,0.016708,0.0109329,0.0185498,0.23457225515733612,0.017333,0.0100331,0.01875,0.27072236203673117,40960.0,40960.0,40960.0,0.0,20480.0,20480.0,20480.0,0.0,0.0,0.0,0.0,,0.0,0.0,0.0,,0.0,0.0,0.0,,0.0,0.0,0.0,
layer=36|op=CONCAT|family=CONCAT,36,CONCAT,CONCAT,False,1,0.088625,0.0875002,0.2195248,0.45827721593076526,0.086916,0.0863666,0.2171166,0.4604114107030461,0.085959,0.0857828,0.217517,0.4651463952699198,163840.0,163840.0,163840.0,0.0,163840.0,163840.0,163840.0,0.0,0.0,0.0,0.0,,0.0,0.0,0.0,,0.0,0.0,0.0,,0.0,0.0,0.0,
layer=36|op=GATED_DELTA_NET|family=GATED_DELTA_NET,36,GATED_DELTA_NET,GATED_DELTA_NET,False,1,1.134958,1.0971081999999999,1.14025,0.019798887044670147,1.127791,1.0893998,1.1317002,0.019757348663201994,0.182834,0.11554980000000001,0.2118918,0.2590986621752133,3187072.0,3187072.0,3187072.0,0.0,3170304.0,3170304.0,3170304.0,0.0,0.0,0.0,0.0,,0.0,0.0,0.0,,0.0,0.0,0.0,,0.0,0.0,0.0,
layer=36|op=GET_ROWS|family=GET_ROWS,36,GET_ROWS,GET_ROWS,False,1,0.024208,0.0239,0.0379998,0.2309086075564039,0.023083,0.0225584,0.036558,0.238339382232318,0.023167,0.022625199999999998,0.036675,0.23819721256427945,122884.0,122884.0,122884.0,0.0,122880.0,122880.0,122880.0,0.0,0.0,0.0,0.0,,0.0,0.0,0.0,,0.0,0.0,0.0,,0.0,0.0,0.0,
layer=36|op=GLU|family=GLU,36,GLU,GLU,False,1,0.179083,0.054183800000000004,0.1838162,0.4711168997519168,0.176333,0.046542,0.1810412,0.5141672704712503,0.177541,0.05175,0.1818582,0.481107584548106,139264.0,139264.0,139264.0,0.0,69632.0,69632.0,69632.0,0.0,0.0,0.0,0.0,,0.0,0.0,0.0,,0.0,0.0,0.0,,0.0,0.0,0.0,
layer=36|op=L2_NORM|family=L2_NORM,36,L2_NORM,L2_NORM,False,1,0.0062915,0.0061627,0.0071121,0.08373695749585412,0.0049794999999999996,0.0048958,0.0053045,0.042866263342389195,0.0040205,0.0037875,0.0049041,0.1457699206170434,8192.0,8192.0,8192.0,0.0,8192.0,8192.0,8192.0,0.0,0.0,0.0,0.0,,0.0,0.0,0.0,,0.0,0.0,0.0,,0.0,0.0,0.0,
layer=36|op=MUL_MAT|family=MUL_MAT,36,MUL_MAT,MUL_MAT,False,1,2.290459,2.2847503999999996,2.3055834,0.004649583701707665,2.283334,2.2787672000000003,2.2989582,0.004419422272252422,0.163292,0.1544,0.1822502,0.07467943693487368,12554240.0,12554240.0,12554240.0,0.0,24576.0,24576.0,24576.0,0.0,12533760.0,12533760.0,12533760.0,0.0,23674880.0,23674880.0,23674880.0,0.0,2.263292,2.2604002,2.279592,0.0044785674900793045,0.0,0.0,0.0,
layer=36|op=MUL|family=MUL,36,MUL,MUL,False,1,0.003458,0.0032412,0.0039998,0.11296790232911365,0.002166,0.0019418,0.0024584,0.10525225759550427,0.001583,0.001508,0.0024752000000000003,0.31995531470664756,384.0,384.0,384.0,0.0,192.0,192.0,192.0,0.0,0.0,0.0,0.0,,0.0,0.0,0.0,,0.0,0.0,0.0,,0.0,0.0,0.0,
layer=36|op=RMS_NORM|family=fused:RMS_NORM,36,RMS_NORM,fused:RMS_NORM,True,2,0.05025,0.047367,0.051633,0.03826289891851942,0.035541,0.0268502,0.041574400000000004,0.18857543189201706,0.033,0.027083199999999998,0.045208,0.23397317732208148,20480.0,20480.0,20480.0,0.0,20480.0,20480.0,20480.0,0.0,0.0,0.0,0.0,,0.0,0.0,0.0,,0.0,0.0,0.0,,0.0,0.0,0.0,
layer=36|op=SSM_CONV|family=SSM_CONV,36,SSM_CONV,SSM_CONV,False,1,0.04,0.039025,0.0422084,0.03563344419869509,0.038792,0.037883599999999996,0.0407416,0.03392209198259985,0.017041,0.0130078,0.020050199999999997,0.19575548464982856,327680.0,327680.0,327680.0,0.0,40960.0,40960.0,40960.0,0.0,0.0,0.0,0.0,,0.0,0.0,0.0,,0.0,0.0,0.0,,0.0,0.0,0.0,
layer=36|op=UNARY|family=UNARY,36,UNARY,UNARY,False,1,0.004416,0.0041332,0.0046002,0.05046289673835024,0.003625,0.0031,0.0037332,0.08442887076936424,0.003125,0.0029748,0.003534,0.07789202408790412,192.0,192.0,192.0,0.0,192.0,192.0,192.0,0.0,0.0,0.0,0.0,,0.0,0.0,0.0,,0.0,0.0,0.0,,0.0,0.0,0.0,
layer=37|op=ADD|family=ADD,37,ADD,ADD,False,1,0.0111455,0.0099542,0.019183,0.32359629655179184,0.0096245,0.0088164,0.0154327,0.2681796421860461,0.009166500000000001,0.0082162,0.017346,0.37380846173321075,40960.0,40960.0,40960.0,0.0,20480.0,20480.0,20480.0,0.0,0.0,0.0,0.0,,0.0,0.0,0.0,,0.0,0.0,0.0,,0.0,0.0,0.0,
layer=37|op=CONCAT|family=CONCAT,37,CONCAT,CONCAT,False,1,0.221125,0.1399084,0.2218,0.275251193576003,0.217542,0.1383084,0.21954179999999998,0.27514006193229346,0.219792,0.13838300000000003,0.2201,0.277220079389838,163840.0,163840.0,163840.0,0.0,163840.0,163840.0,163840.0,0.0,0.0,0.0,0.0,,0.0,0.0,0.0,,0.0,0.0,0.0,,0.0,0.0,0.0,
layer=37|op=GATED_DELTA_NET|family=GATED_DELTA_NET,37,GATED_DELTA_NET,GATED_DELTA_NET,False,1,1.1025,1.0554504,1.1505577999999999,0.03921733368347738,1.093958,1.0491336,1.1421160000000001,0.038376300511205906,0.113584,0.0768002,0.168,0.3473867508360358,3187072.0,3187072.0,3187072.0,0.0,3170304.0,3170304.0,3170304.0,0.0,0.0,0.0,0.0,,0.0,0.0,0.0,,0.0,0.0,0.0,,0.0,0.0,0.0,
layer=37|op=GET_ROWS|family=GET_ROWS,37,GET_ROWS,GET_ROWS,False,1,0.037833,0.028909,0.03885,0.16450632898339257,0.036417,0.027574799999999997,0.0373,0.16844841807114025,0.036458,0.0281502,0.0376328,0.1652893181527741,122884.0,122884.0,122884.0,0.0,122880.0,122880.0,122880.0,0.0,0.0,0.0,0.0,,0.0,0.0,0.0,,0.0,0.0,0.0,,0.0,0.0,0.0,
layer=37|op=GLU|family=GLU,37,GLU,GLU,False,1,0.0475,0.046967,0.1285254,0.7256347987387162,0.045875,0.045792,0.1260752,0.7347936915614957,0.045125,0.0445254,0.126175,0.7501639228960207,139264.0,139264.0,139264.0,0.0,69632.0,69632.0,69632.0,0.0,0.0,0.0,0.0,,0.0,0.0,0.0,,0.0,0.0,0.0,,0.0,0.0,0.0,
layer=37|op=L2_NORM|family=L2_NORM,37,L2_NORM,L2_NORM,False,1,0.005979,0.0058706,0.0061415,0.019891378356249073,0.004875,0.0046371,0.004966600000000001,0.03066936364114861,0.0038120000000000003,0.003675,0.0040750000000000005,0.04623131372304322,8192.0,8192.0,8192.0,0.0,8192.0,8192.0,8192.0,0.0,0.0,0.0,0.0,,0.0,0.0,0.0,,0.0,0.0,0.0,,0.0,0.0,0.0,
layer=37|op=MUL_MAT|family=MUL_MAT,37,MUL_MAT,MUL_MAT,False,1,2.280875,2.275325,2.2996418,0.004840087347973405,2.2735,2.269833,2.2946584,0.005055966460549101,0.169125,0.154259,0.1884082,0.10030225995157822,12554240.0,12554240.0,12554240.0,0.0,24576.0,24576.0,24576.0,0.0,12533760.0,12533760.0,12533760.0,0.0,23674880.0,23674880.0,23674880.0,0.0,2.258,2.2520751999999997,2.2751332,0.00489686311571672,0.0,0.0,0.0,
layer=37|op=MUL|family=MUL,37,MUL,MUL,False,1,0.003125,0.0029748,0.0032,0.033477795216331326,0.001875,0.0017748,0.0020246,0.06138255545238662,0.00175,0.0016838,0.0019166,0.05868198133987074,384.0,384.0,384.0,0.0,192.0,192.0,192.0,0.0,0.0,0.0,0.0,,0.0,0.0,0.0,,0.0,0.0,0.0,,0.0,0.0,0.0,
layer=37|op=RMS_NORM|family=fused:RMS_NORM,37,RMS_NORM,fused:RMS_NORM,True,2,0.052708,0.0270496,0.056241400000000004,0.3781002989633839,0.037708,0.016266000000000003,0.049358400000000004,0.43546491185547875,0.050291,0.025883000000000003,0.0551166,0.38732100500951483,20480.0,20480.0,20480.0,0.0,20480.0,20480.0,20480.0,0.0,0.0,0.0,0.0,,0.0,0.0,0.0,,0.0,0.0,0.0,,0.0,0.0,0.0,
layer=37|op=SSM_CONV|family=SSM_CONV,37,SSM_CONV,SSM_CONV,False,1,0.042333,0.040841800000000004,0.043175,0.029121081547309996,0.040875,0.0392422,0.0416078,0.031234769689981123,0.01825,0.0161248,0.0219002,0.15681660428057,327680.0,327680.0,327680.0,0.0,40960.0,40960.0,40960.0,0.0,0.0,0.0,0.0,,0.0,0.0,0.0,,0.0,0.0,0.0,,0.0,0.0,0.0,
layer=37|op=UNARY|family=UNARY,37,UNARY,UNARY,False,1,0.0045,0.0042002,0.0047672,0.055668514702657504,0.003291,0.0031252,0.003859,0.0968169850775348,0.003,0.002883,0.0031502,0.03972160862113745,192.0,192.0,192.0,0.0,192.0,192.0,192.0,0.0,0.0,0.0,0.0,,0.0,0.0,0.0,,0.0,0.0,0.0,,0.0,0.0,0.0,
layer=38|op=ADD|family=ADD,38,ADD,ADD,False,1,0.0135835,0.0097207,0.018596099999999997,0.298225773292698,0.011125,0.0083916,0.016708300000000002,0.3215444433810616,0.011042,0.0075583,0.016520899999999998,0.3566218132114391,40960.0,40960.0,40960.0,0.0,20480.0,20480.0,20480.0,0.0,0.0,0.0,0.0,,0.0,0.0,0.0,,0.0,0.0,0.0,,0.0,0.0,0.0,
layer=38|op=CONCAT|family=CONCAT,38,CONCAT,CONCAT,False,1,0.088625,0.0879418,0.192583,0.4124833236471516,0.087042,0.0865,0.1899916,0.41542856052760413,0.087333,0.0864334,0.19107500000000002,0.4169027901789941,163840.0,163840.0,163840.0,0.0,163840.0,163840.0,163840.0,0.0,0.0,0.0,0.0,,0.0,0.0,0.0,,0.0,0.0,0.0,,0.0,0.0,0.0,
layer=38|op=GATED_DELTA_NET|family=GATED_DELTA_NET,38,GATED_DELTA_NET,GATED_DELTA_NET,False,1,1.106166,1.072884,1.12135,0.019787154944002475,1.1015,1.066975,1.1131668,0.01927272510100575,0.097916,0.07961660000000001,0.17333320000000002,0.36168264305337333,3187072.0,3187072.0,3187072.0,0.0,3170304.0,3170304.0,3170304.0,0.0,0.0,0.0,0.0,,0.0,0.0,0.0,,0.0,0.0,0.0,,0.0,0.0,0.0,
layer=38|op=GET_ROWS|family=GET_ROWS,38,GET_ROWS,GET_ROWS,False,1,0.026,0.0232914,0.0383332,0.23328692240016502,0.024083,0.0222084,0.0321166,0.2162017065682765,0.024709,0.0224668,0.037408,0.24066896319859438,122884.0,122884.0,122884.0,0.0,122880.0,122880.0,122880.0,0.0,0.0,0.0,0.0,,0.0,0.0,0.0,,0.0,0.0,0.0,,0.0,0.0,0.0,
layer=38|op=GLU|family=GLU,38,GLU,GLU,False,1,0.048625,0.046958,0.148675,0.8198252583876763,0.046125,0.0453248,0.12891620000000004,0.7532879568915525,0.045959,0.0447502,0.14646720000000002,0.8478207229163913,139264.0,139264.0,139264.0,0.0,69632.0,69632.0,69632.0,0.0,0.0,0.0,0.0,,0.0,0.0,0.0,,0.0,0.0,0.0,,0.0,0.0,0.0,
layer=38|op=L2_NORM|family=L2_NORM,38,L2_NORM,L2_NORM,False,1,0.0066254999999999994,0.0060418,0.0066835,0.046877642186773386,0.0049585,0.0048628,0.0051125,0.024367947401552046,0.0041665,0.004096000000000001,0.0043669,0.029053647455015607,8192.0,8192.0,8192.0,0.0,8192.0,8192.0,8192.0,0.0,0.0,0.0,0.0,,0.0,0.0,0.0,,0.0,0.0,0.0,,0.0,0.0,0.0,
layer=38|op=MUL_MAT|family=MUL_MAT,38,MUL_MAT,MUL_MAT,False,1,2.311958,2.2774666,2.3167084,0.008083269598707428,2.282917,2.2694584,2.3090334,0.007710100658349663,0.186583,0.1727502,0.1974668,0.06023663728061279,12554240.0,12554240.0,12554240.0,0.0,24576.0,24576.0,24576.0,0.0,12533760.0,12533760.0,12533760.0,0.0,23674880.0,23674880.0,23674880.0,0.0,2.268667,2.2555836,2.2909496000000003,0.00693260038610902,0.0,0.0,0.0,
layer=38|op=MUL|family=MUL,38,MUL,MUL,False,1,0.003208,0.0029914,0.0032998,0.049208400150328006,0.001958,0.0019334,0.0023748,0.10043093890643938,0.001833,0.0016166,0.0018336,0.060264451226512056,384.0,384.0,384.0,0.0,192.0,192.0,192.0,0.0,0.0,0.0,0.0,,0.0,0.0,0.0,,0.0,0.0,0.0,,0.0,0.0,0.0,
layer=38|op=RMS_NORM|family=fused:RMS_NORM,38,RMS_NORM,fused:RMS_NORM,True,2,0.039916,0.0122086,0.0510916,0.5308031939367182,0.024375,0.0111834,0.0300914,0.4013318045984517,0.022458,0.0110586,0.049875,0.6100744872394022,20480.0,20480.0,20480.0,0.0,20480.0,20480.0,20480.0,0.0,0.0,0.0,0.0,,0.0,0.0,0.0,,0.0,0.0,0.0,,0.0,0.0,0.0,
layer=38|op=SSM_CONV|family=SSM_CONV,38,SSM_CONV,SSM_CONV,False,1,0.042125,0.0395254,0.0427832,0.03896606827927571,0.04,0.0380672,0.0405914,0.03547831120038648,0.016167,0.0133918,0.0192168,0.15877462561084024,327680.0,327680.0,327680.0,0.0,40960.0,40960.0,40960.0,0.0,0.0,0.0,0.0,,0.0,0.0,0.0,,0.0,0.0,0.0,,0.0,0.0,0.0,
layer=38|op=UNARY|family=UNARY,38,UNARY,UNARY,False,1,0.004542,0.004183,0.0047168,0.053891917908830626,0.003333,0.0031164,0.0036662,0.07961220239322067,0.003083,0.002675,0.0031502,0.07442635162071455,192.0,192.0,192.0,0.0,192.0,192.0,192.0,0.0,0.0,0.0,0.0,,0.0,0.0,0.0,,0.0,0.0,0.0,,0.0,0.0,0.0,
layer=39|op=ADD|family=ADD,39,ADD,ADD,False,1,0.0169165,0.0105292,0.020791499999999997,0.28647931513716707,0.014582999999999999,0.009025199999999999,0.0185208,0.3020444464370226,0.014875,0.0086002,0.0188498,0.32700091412581517,40960.0,40960.0,40960.0,0.0,20480.0,20480.0,20480.0,0.0,0.0,0.0,0.0,,0.0,0.0,0.0,,0.0,0.0,0.0,,0.0,0.0,0.0,
layer=39|op=CONT|family=CONT,39,CONT,CONT,False,1,0.009292,0.0089082,0.009674799999999999,0.03631860050867202,0.007292,0.0070082,0.0075246,0.03282775597814764,0.005125,0.0049502,0.0052588,0.026623099193056946,48128.0,48128.0,48128.0,0.0,24576.0,24576.0,24576.0,0.0,0.0,0.0,0.0,,0.0,0.0,0.0,,0.0,0.0,0.0,,0.0,0.0,0.0,
layer=39|op=FLASH_ATTN_EXT|family=FLASH_ATTN_EXT,39,FLASH_ATTN_EXT,FLASH_ATTN_EXT,False,1,0.076958,0.0753248,0.0785172,0.018257154972060163,0.074917,0.0735748,0.0760334,0.01459317966638524,0.020583,0.0197082,0.0218088,0.0446683253794091,1073664.0,1073664.0,1073664.0,0.0,24576.0,24576.0,24576.0,0.0,0.0,0.0,0.0,,0.0,0.0,0.0,,0.0,0.0,0.0,,0.0,0.0,0.0,
layer=39|op=GLU|family=GLU,39,GLU,GLU,False,1,0.047666,0.0461502,0.1826164,0.6585121091688774,0.046458,0.044899999999999995,0.1795082,0.6625329148937088,0.045083,0.0435918,0.1801836,0.676218012392745,139264.0,139264.0,139264.0,0.0,69632.0,69632.0,69632.0,0.0,0.0,0.0,0.0,,0.0,0.0,0.0,,0.0,0.0,0.0,,0.0,0.0,0.0,
layer=39|op=MUL_MAT|family=MUL_MAT,39,MUL_MAT,MUL_MAT,False,1,1.620958,1.6083998,1.6548502,0.012878836744627585,1.6135,1.6027498,1.6484752,0.012837808896381397,0.114041,0.1038914,0.1378252,0.12876732642591993,8867840.0,8867840.0,8867840.0,0.0,20480.0,20480.0,20480.0,0.0,8847360.0,8847360.0,8847360.0,0.0,16711680.0,16711680.0,16711680.0,0.0,1.599583,1.5916,1.6344502,0.012170021214405323,0.0,0.0,0.0,
layer=39|op=MUL|family=MUL,39,MUL,MUL,False,1,0.005958,0.0050082,0.01685,0.5666975519544859,0.005166,0.004174799999999999,0.015775,0.6099845483792823,0.004292,0.003667,0.015475,0.6663140349032001,49152.0,49152.0,49152.0,0.0,24576.0,24576.0,24576.0,0.0,0.0,0.0,0.0,,0.0,0.0,0.0,,0.0,0.0,0.0,,0.0,0.0,0.0,
layer=39|op=RMS_NORM|family=fused:RMS_NORM,39,RMS_NORM,fused:RMS_NORM,True,2,0.011813,0.011245699999999999,0.027516699999999998,0.5522283858523995,0.0109795,0.0101627,0.025837500000000006,0.5704548061628455,0.0105205,0.0100128,0.023562100000000002,0.5820465479316849,20480.0,20480.0,20480.0,0.0,20480.0,20480.0,20480.0,0.0,0.0,0.0,0.0,,0.0,0.0,0.0,,0.0,0.0,0.0,,0.0,0.0,0.0,
layer=39|op=ROPE|family=ROPE,39,ROPE,ROPE,False,1,0.013521,0.0133834,0.013770900000000003,0.012703208607007407,0.0114585,0.0113831,0.0116044,0.00870741240116255,0.0091245,0.0089165,0.009383500000000001,0.024809099836284237,14352.0,14352.0,14352.0,0.0,14336.0,14336.0,14336.0,0.0,0.0,0.0,0.0,,0.0,0.0,0.0,,0.0,0.0,0.0,,0.0,0.0,0.0,
layer=39|op=UNARY|family=UNARY,39,UNARY,UNARY,False,1,0.058416,0.057441,0.219567,0.6469217485746879,0.057625,0.0566166,0.2185328,0.6507543608600402,0.055958,0.0556168,0.2177582,0.6583069167739747,24576.0,24576.0,24576.0,0.0,24576.0,24576.0,24576.0,0.0,0.0,0.0,0.0,,0.0,0.0,0.0,,0.0,0.0,0.0,,0.0,0.0,0.0,
layer=3|op=ADD|family=ADD,3,ADD,ADD,False,1,0.011,0.010487699999999999,0.0120792,0.07533965928654396,0.009500000000000001,0.0091415,0.0108,0.08933846850851149,0.0087915,0.008333400000000001,0.0102793,0.11837335239727625,40960.0,40960.0,40960.0,0.0,20480.0,20480.0,20480.0,0.0,0.0,0.0,0.0,,0.0,0.0,0.0,,0.0,0.0,0.0,,0.0,0.0,0.0,
layer=3|op=CONT|family=CONT,3,CONT,CONT,False,1,0.0085,0.008125,0.0098914,0.11376801461548335,0.007166,0.0071162,0.0082336,0.08316454661489668,0.005,0.004475,0.0056498,0.11632750054777373,48128.0,48128.0,48128.0,0.0,24576.0,24576.0,24576.0,0.0,0.0,0.0,0.0,,0.0,0.0,0.0,,0.0,0.0,0.0,,0.0,0.0,0.0,
layer=3|op=FLASH_ATTN_EXT|family=FLASH_ATTN_EXT,3,FLASH_ATTN_EXT,FLASH_ATTN_EXT,False,1,0.079833,0.0764662,0.0805502,0.023748033765490992,0.0775,0.0749662,0.0788088,0.02222934323041034,0.021417,0.0202082,0.021991,0.03809850797148402,1073664.0,1073664.0,1073664.0,0.0,24576.0,24576.0,24576.0,0.0,0.0,0.0,0.0,,0.0,0.0,0.0,,0.0,0.0,0.0,,0.0,0.0,0.0,
layer=3|op=GLU|family=GLU,3,GLU,GLU,False,1,0.046792,0.0463414,0.0482416,0.01894582429782743,0.045667,0.0451832,0.045966599999999996,0.007936088098423581,0.044834,0.044583199999999996,0.0457332,0.013735909321335662,139264.0,139264.0,139264.0,0.0,69632.0,69632.0,69632.0,0.0,0.0,0.0,0.0,,0.0,0.0,0.0,,0.0,0.0,0.0,,0.0,0.0,0.0,
layer=3|op=MUL_MAT|family=MUL_MAT,3,MUL_MAT,MUL_MAT,False,1,1.66175,1.637175,1.869509,0.0632637233787978,1.636542,1.6090248,1.6516666,0.012383060803718572,0.149458,0.1292998,0.20186679999999999,0.2005629100726647,8867840.0,8867840.0,8867840.0,0.0,20480.0,20480.0,20480.0,0.0,8847360.0,8847360.0,8847360.0,0.0,16711680.0,16711680.0,16711680.0,0.0,1.625334,1.5987414,1.6410334,0.01232819885271989,0.0,0.0,0.0,
layer=3|op=MUL|family=MUL,3,MUL,MUL,False,1,0.005792,0.0054164,0.012408000000000002,0.5637371644674786,0.00475,0.0043748,0.0114996,0.6370743016113894,0.004041,0.0037248,0.010658400000000002,0.7283708740902691,49152.0,49152.0,49152.0,0.0,24576.0,24576.0,24576.0,0.0,0.0,0.0,0.0,,0.0,0.0,0.0,,0.0,0.0,0.0,,0.0,0.0,0.0,
layer=3|op=RMS_NORM|family=fused:RMS_NORM,3,RMS_NORM,fused:RMS_NORM,True,2,0.0117085,0.011408399999999999,0.0159416,0.1623839436077677,0.010542,0.0102999,0.0115459,0.06084530720252605,0.010354,0.0099542,0.0118374,0.07968079063095733,20480.0,20480.0,20480.0,0.0,20480.0,20480.0,20480.0,0.0,0.0,0.0,0.0,,0.0,0.0,0.0,,0.0,0.0,0.0,,0.0,0.0,0.0,
layer=3|op=ROPE|family=ROPE,3,ROPE,ROPE,False,1,0.0139795,0.0134122,0.19682500000000006,1.6030932725331164,0.012,0.0117165,0.0129958,0.05094966523131047,0.008917,0.008903900000000001,0.19012080000000003,1.7399701139148984,14352.0,14352.0,14352.0,0.0,14336.0,14336.0,14336.0,0.0,0.0,0.0,0.0,,0.0,0.0,0.0,,0.0,0.0,0.0,,0.0,0.0,0.0,
layer=3|op=UNARY|family=UNARY,3,UNARY,UNARY,False,1,0.057958,0.057467000000000004,0.0588414,0.010886019296210622,0.057125,0.056708600000000005,0.0573998,0.006281075756524864,0.05575,0.0555086,0.0565082,0.008065043479818223,24576.0,24576.0,24576.0,0.0,24576.0,24576.0,24576.0,0.0,0.0,0.0,0.0,,0.0,0.0,0.0,,0.0,0.0,0.0,,0.0,0.0,0.0,
layer=40|op=ADD|family=ADD,40,ADD,ADD,False,1,0.012146,0.010254000000000001,0.0143667,0.15930746560763148,0.010624999999999999,0.0089456,0.0125166,0.1656915885430964,0.009417,0.0081585,0.0124961,0.2016647704309204,40960.0,40960.0,40960.0,0.0,20480.0,20480.0,20480.0,0.0,0.0,0.0,0.0,,0.0,0.0,0.0,,0.0,0.0,0.0,,0.0,0.0,0.0,
layer=40|op=CONCAT|family=CONCAT,40,CONCAT,CONCAT,False,1,0.088167,0.08793379999999999,0.2213416,0.46108401100983554,0.086917,0.08663359999999999,0.2179,0.46074463624996703,0.086917,0.08615859999999999,0.2193916,0.46546723094825143,163840.0,163840.0,163840.0,0.0,163840.0,163840.0,163840.0,0.0,0.0,0.0,0.0,,0.0,0.0,0.0,,0.0,0.0,0.0,,0.0,0.0,0.0,
layer=40|op=GATED_DELTA_NET|family=GATED_DELTA_NET,40,GATED_DELTA_NET,GATED_DELTA_NET,False,1,1.120792,1.092675,1.1891664,0.038080229735780194,1.115875,1.0859832,1.1794666,0.036995260111004284,0.20625,0.0821502,0.2309248,0.40887332232777307,3187072.0,3187072.0,3187072.0,0.0,3170304.0,3170304.0,3170304.0,0.0,0.0,0.0,0.0,,0.0,0.0,0.0,,0.0,0.0,0.0,,0.0,0.0,0.0,
layer=40|op=GET_ROWS|family=GET_ROWS,40,GET_ROWS,GET_ROWS,False,1,0.025334,0.0235832,0.037791,0.22480818499270297,0.023667,0.022475,0.0365748,0.23578743798044674,0.02425,0.02225,0.0366332,0.23602275023570818,122884.0,122884.0,122884.0,0.0,122880.0,122880.0,122880.0,0.0,0.0,0.0,0.0,,0.0,0.0,0.0,,0.0,0.0,0.0,,0.0,0.0,0.0,
layer=40|op=GLU|family=GLU,40,GLU,GLU,False,1,0.047209,0.0469,0.0477,0.007619328002810851,0.045792,0.045366,0.04625,0.008847572319799428,0.044417,0.044283199999999995,0.045534,0.013456231439069032,139264.0,139264.0,139264.0,0.0,69632.0,69632.0,69632.0,0.0,0.0,0.0,0.0,,0.0,0.0,0.0,,0.0,0.0,0.0,,0.0,0.0,0.0,
layer=40|op=L2_NORM|family=L2_NORM,40,L2_NORM,L2_NORM,False,1,0.0060415,0.005904,0.0065961,0.051369559826433556,0.0048335,0.0047002,0.0052001,0.0462069642741547,0.004021,0.0039166,0.0044247,0.06360104169997363,8192.0,8192.0,8192.0,0.0,8192.0,8192.0,8192.0,0.0,0.0,0.0,0.0,,0.0,0.0,0.0,,0.0,0.0,0.0,,0.0,0.0,0.0,
layer=40|op=MUL_MAT|family=MUL_MAT,40,MUL_MAT,MUL_MAT,False,1,2.2785,2.2635168,2.3327416,0.01609382245921194,2.27225,2.2585996,2.3265254,0.015951318815583877,0.172208,0.15865,0.22820000000000001,0.1764613712884195,12554240.0,12554240.0,12554240.0,0.0,24576.0,24576.0,24576.0,0.0,12533760.0,12533760.0,12533760.0,0.0,23674880.0,23674880.0,23674880.0,0.0,2.261667,2.2434252000000003,2.2764832,0.006739570842968365,0.0,0.0,0.0,
layer=40|op=MUL|family=MUL,40,MUL,MUL,False,1,0.003334,0.0031918,0.0036582,0.0655001552209887,0.002209,0.0021828,0.0023664000000000003,0.03935206854643231,0.001833,0.001675,0.0019664,0.0712806349382983,384.0,384.0,384.0,0.0,192.0,192.0,192.0,0.0,0.0,0.0,0.0,,0.0,0.0,0.0,,0.0,0.0,0.0,,0.0,0.0,0.0,
layer=40|op=RMS_NORM|family=fused:RMS_NORM,40,RMS_NORM,fused:RMS_NORM,True,2,0.040916,0.0195416,0.0512168,0.38795027347789396,0.034874,0.017792000000000002,0.0500832,0.41613572662572973,0.02,0.0118418,0.0501422,0.6096972085661991,20480.0,20480.0,20480.0,0.0,20480.0,20480.0,20480.0,0.0,0.0,0.0,0.0,,0.0,0.0,0.0,,0.0,0.0,0.0,,0.0,0.0,0.0,
layer=40|op=SSM_CONV|family=SSM_CONV,40,SSM_CONV,SSM_CONV,False,1,0.040833,0.037825,0.0448412,0.0830106221779478,0.039166,0.0367338,0.0434332,0.08265865527939628,0.019792,0.015341200000000001,0.0206164,0.132187278531846,327680.0,327680.0,327680.0,0.0,40960.0,40960.0,40960.0,0.0,0.0,0.0,0.0,,0.0,0.0,0.0,,0.0,0.0,0.0,,0.0,0.0,0.0,
layer=40|op=UNARY|family=UNARY,40,UNARY,UNARY,False,1,0.004625,0.0043664,0.005025,0.06357613429548814,0.003625,0.0034164,0.0037168,0.03790885806613965,0.003375,0.0026666,0.0035246,0.12468569959049035,192.0,192.0,192.0,0.0,192.0,192.0,192.0,0.0,0.0,0.0,0.0,,0.0,0.0,0.0,,0.0,0.0,0.0,,0.0,0.0,0.0,
layer=41|op=ADD|family=ADD,41,ADD,ADD,False,1,0.0116665,0.0101124,0.1965253,1.6388963248239725,0.010563,0.008858600000000001,0.0166833,0.3084898466556515,0.009562,0.0081125,0.19436230000000004,1.6822846836005065,40960.0,40960.0,40960.0,0.0,20480.0,20480.0,20480.0,0.0,0.0,0.0,0.0,,0.0,0.0,0.0,,0.0,0.0,0.0,,0.0,0.0,0.0,
layer=41|op=CONCAT|family=CONCAT,41,CONCAT,CONCAT,False,1,0.087792,0.08765819999999999,0.1670922,0.4619495020040488,0.086625,0.08650799999999999,0.1645752,0.4618398000208761,0.086875,0.08642499999999999,0.1658504,0.4657283871984197,163840.0,163840.0,163840.0,0.0,163840.0,163840.0,163840.0,0.0,0.0,0.0,0.0,,0.0,0.0,0.0,,0.0,0.0,0.0,,0.0,0.0,0.0,
layer=41|op=GATED_DELTA_NET|family=GATED_DELTA_NET,41,GATED_DELTA_NET,GATED_DELTA_NET,False,1,1.145834,1.0884331999999999,1.2101582,0.04769115695580613,1.139209,1.0818416,1.2000336,0.046496486528661694,0.185291,0.0980166,0.2303914,0.34902601163540126,3187072.0,3187072.0,3187072.0,0.0,3170304.0,3170304.0,3170304.0,0.0,0.0,0.0,0.0,,0.0,0.0,0.0,,0.0,0.0,0.0,,0.0,0.0,0.0,
layer=41|op=GET_ROWS|family=GET_ROWS,41,GET_ROWS,GET_ROWS,False,1,0.02475,0.0235084,0.031958799999999996,0.18542857479075514,0.023166,0.022058599999999998,0.0306588,0.19942646926577143,0.02375,0.0227166,0.031167,0.19539232877941687,122884.0,122884.0,122884.0,0.0,122880.0,122880.0,122880.0,0.0,0.0,0.0,0.0,,0.0,0.0,0.0,,0.0,0.0,0.0,,0.0,0.0,0.0,
layer=41|op=GLU|family=GLU,41,GLU,GLU,False,1,0.047291,0.0467502,0.1277164,0.7263319657271635,0.045584,0.045533199999999996,0.12483319999999999,0.7326405301192781,0.045208,0.0445918,0.12564980000000003,0.7468257749836416,139264.0,139264.0,139264.0,0.0,69632.0,69632.0,69632.0,0.0,0.0,0.0,0.0,,0.0,0.0,0.0,,0.0,0.0,0.0,,0.0,0.0,0.0,
layer=41|op=L2_NORM|family=L2_NORM,41,L2_NORM,L2_NORM,False,1,0.0059165,0.0058334,0.0061373,0.02304583347484183,0.004708,0.0046543999999999995,0.00485,0.018543352634864056,0.003979,0.0038916,0.0041248,0.028799388218448317,8192.0,8192.0,8192.0,0.0,8192.0,8192.0,8192.0,0.0,0.0,0.0,0.0,,0.0,0.0,0.0,,0.0,0.0,0.0,,0.0,0.0,0.0,
layer=41|op=MUL_MAT|family=MUL_MAT,41,MUL_MAT,MUL_MAT,False,1,2.282541,2.27525,2.2906752,0.0031335477314750294,2.275916,2.2685166,2.2849668,0.0033720465748632144,0.168583,0.1535164,0.22632480000000002,0.22480481603057936,12554240.0,12554240.0,12554240.0,0.0,24576.0,24576.0,24576.0,0.0,12533760.0,12533760.0,12533760.0,0.0,23674880.0,23674880.0,23674880.0,0.0,2.259459,2.254083,2.264517,0.0020333155172641863,0.0,0.0,0.0,
layer=41|op=MUL|family=MUL,41,MUL,MUL,False,1,0.003167,0.0029584,0.003375,0.058817973286782586,0.002208,0.001917,0.0024582,0.11088951656301392,0.00175,0.001675,0.0019336,0.06900799986624451,384.0,384.0,384.0,0.0,192.0,192.0,192.0,0.0,0.0,0.0,0.0,,0.0,0.0,0.0,,0.0,0.0,0.0,,0.0,0.0,0.0,
layer=41|op=RMS_NORM|family=fused:RMS_NORM,41,RMS_NORM,fused:RMS_NORM,True,2,0.050291,0.0122254,0.051583,0.5336937325349229,0.028375,0.011233799999999999,0.0379086,0.4709476585052226,0.030041,0.0110164,0.0502246,0.5704679575258372,20480.0,20480.0,20480.0,0.0,20480.0,20480.0,20480.0,0.0,0.0,0.0,0.0,,0.0,0.0,0.0,,0.0,0.0,0.0,,0.0,0.0,0.0,
layer=41|op=SSM_CONV|family=SSM_CONV,41,SSM_CONV,SSM_CONV,False,1,0.040959,0.0398334,0.0427916,0.03434250902853125,0.039459,0.0383834,0.0415084,0.03694737581539529,0.014542,0.0134334,0.015642200000000002,0.06928925191330532,327680.0,327680.0,327680.0,0.0,40960.0,40960.0,40960.0,0.0,0.0,0.0,0.0,,0.0,0.0,0.0,,0.0,0.0,0.0,,0.0,0.0,0.0,
layer=41|op=UNARY|family=UNARY,41,UNARY,UNARY,False,1,0.00475,0.004375,0.0050252,0.06158188216395498,0.003416,0.0032421999999999998,0.0040166,0.09779222297165394,0.00325,0.0028666,0.0033669999999999998,0.07200575241310589,192.0,192.0,192.0,0.0,192.0,192.0,192.0,0.0,0.0,0.0,0.0,,0.0,0.0,0.0,,0.0,0.0,0.0,,0.0,0.0,0.0,
layer=42|op=ADD|family=ADD,42,ADD,ADD,False,1,0.0113125,0.0108791,0.0165,0.26091609345854266,0.010020999999999999,0.009349999999999999,0.014729100000000002,0.2747346129401931,0.009458000000000001,0.0085289,0.014550200000000003,0.31870675931711356,40960.0,40960.0,40960.0,0.0,20480.0,20480.0,20480.0,0.0,0.0,0.0,0.0,,0.0,0.0,0.0,,0.0,0.0,0.0,,0.0,0.0,0.0,
layer=42|op=CONCAT|family=CONCAT,42,CONCAT,CONCAT,False,1,0.089417,0.08765819999999999,0.1676668,0.4530396432835069,0.08725,0.086575,0.16505840000000002,0.4583818686498274,0.086959,0.08648339999999999,0.16623359999999998,0.4605196853313971,163840.0,163840.0,163840.0,0.0,163840.0,163840.0,163840.0,0.0,0.0,0.0,0.0,,0.0,0.0,0.0,,0.0,0.0,0.0,,0.0,0.0,0.0,
layer=42|op=GATED_DELTA_NET|family=GATED_DELTA_NET,42,GATED_DELTA_NET,GATED_DELTA_NET,False,1,1.091625,1.0588998,1.1926168,0.05886197567841059,1.082167,1.0506086,1.1702834,0.051791716815651145,0.105458,0.0750166,0.18787500000000001,0.48616225425555043,3187072.0,3187072.0,3187072.0,0.0,3170304.0,3170304.0,3170304.0,0.0,0.0,0.0,0.0,,0.0,0.0,0.0,,0.0,0.0,0.0,,0.0,0.0,0.0,
layer=42|op=GET_ROWS|family=GET_ROWS,42,GET_ROWS,GET_ROWS,False,1,0.023667,0.0228746,0.036375399999999995,0.2277025695680321,0.0225,0.0214832,0.031474800000000004,0.2054230010588937,0.022917,0.0219496,0.0350922,0.22790431236621486,122884.0,122884.0,122884.0,0.0,122880.0,122880.0,122880.0,0.0,0.0,0.0,0.0,,0.0,0.0,0.0,,0.0,0.0,0.0,,0.0,0.0,0.0,
layer=42|op=GLU|family=GLU,42,GLU,GLU,False,1,0.047541,0.047342,0.12745,0.717542725188216,0.046125,0.04555,0.12481680000000002,0.7282153359157463,0.044917,0.0444754,0.12449960000000002,0.7422705700930416,139264.0,139264.0,139264.0,0.0,69632.0,69632.0,69632.0,0.0,0.0,0.0,0.0,,0.0,0.0,0.0,,0.0,0.0,0.0,,0.0,0.0,0.0,
layer=42|op=L2_NORM|family=L2_NORM,42,L2_NORM,L2_NORM,False,1,0.0063335,0.0060458000000000005,0.0066245,0.041458997845802786,0.004937,0.0049044,0.005345699999999999,0.04096752780546212,0.004146,0.0040292,0.0046164000000000005,0.06984332568601463,8192.0,8192.0,8192.0,0.0,8192.0,8192.0,8192.0,0.0,0.0,0.0,0.0,,0.0,0.0,0.0,,0.0,0.0,0.0,,0.0,0.0,0.0,
layer=42|op=MUL_MAT|family=MUL_MAT,42,MUL_MAT,MUL_MAT,False,1,2.2795,2.2739582,2.3000672,0.005446072938262615,2.275667,2.2685754,2.2854332,0.0032809461545754417,0.169333,0.15780819999999998,0.1853496,0.07148647487757075,12554240.0,12554240.0,12554240.0,0.0,24576.0,24576.0,24576.0,0.0,12533760.0,12533760.0,12533760.0,0.0,23674880.0,23674880.0,23674880.0,0.0,2.261375,2.2484916,2.268666,0.004122536566150948,0.0,0.0,0.0,
layer=42|op=MUL|family=MUL,42,MUL,MUL,False,1,0.003417,0.003184,0.0037168,0.06926541532283387,0.002375,0.0017836,0.0026588000000000002,0.17569360602349796,0.001917,0.0016834,0.0020670000000000003,0.09537893440697236,384.0,384.0,384.0,0.0,192.0,192.0,192.0,0.0,0.0,0.0,0.0,,0.0,0.0,0.0,,0.0,0.0,0.0,,0.0,0.0,0.0,
layer=42|op=RMS_NORM|family=fused:RMS_NORM,42,RMS_NORM,fused:RMS_NORM,True,2,0.012333,0.0119748,0.0526168,0.7010900224237487,0.011542,0.0109496,0.042575,0.6484571654718189,0.01125,0.0107002,0.05085,0.7259388383011205,20480.0,20480.0,20480.0,0.0,20480.0,20480.0,20480.0,0.0,0.0,0.0,0.0,,0.0,0.0,0.0,,0.0,0.0,0.0,,0.0,0.0,0.0,
layer=42|op=SSM_CONV|family=SSM_CONV,42,SSM_CONV,SSM_CONV,False,1,0.039584,0.039275,0.041142000000000005,0.021885508307380442,0.038417,0.0380668,0.0397754,0.020026787360137,0.01575,0.0148418,0.019874799999999998,0.16368757801007797,327680.0,327680.0,327680.0,0.0,40960.0,40960.0,40960.0,0.0,0.0,0.0,0.0,,0.0,0.0,0.0,,0.0,0.0,0.0,,0.0,0.0,0.0,
layer=42|op=UNARY|family=UNARY,42,UNARY,UNARY,False,1,0.005084,0.0042836,0.0173166,0.9309874633242168,0.004042,0.0031418,0.0041916,0.13087635376612364,0.003375,0.0028086,0.015533600000000002,1.1252438732710974,192.0,192.0,192.0,0.0,192.0,192.0,192.0,0.0,0.0,0.0,0.0,,0.0,0.0,0.0,,0.0,0.0,0.0,,0.0,0.0,0.0,
layer=43|op=ADD|family=ADD,43,ADD,ADD,False,1,0.0109375,0.0102501,0.0211584,0.35276768713672235,0.0094585,0.0090916,0.0185583,0.34973999126855343,0.008688,0.0082834,0.0187002,0.3996811911244088,40960.0,40960.0,40960.0,0.0,20480.0,20480.0,20480.0,0.0,0.0,0.0,0.0,,0.0,0.0,0.0,,0.0,0.0,0.0,,0.0,0.0,0.0,
layer=43|op=CONT|family=CONT,43,CONT,CONT,False,1,0.008541,0.008158200000000001,0.009108400000000001,0.049768675341880904,0.007084,0.0068668,0.0074,0.034688403040987165,0.005083,0.0043332,0.0056166,0.12339773310591914,48128.0,48128.0,48128.0,0.0,24576.0,24576.0,24576.0,0.0,0.0,0.0,0.0,,0.0,0.0,0.0,,0.0,0.0,0.0,,0.0,0.0,0.0,
layer=43|op=FLASH_ATTN_EXT|family=FLASH_ATTN_EXT,43,FLASH_ATTN_EXT,FLASH_ATTN_EXT,False,1,0.076042,0.0755834,0.0780084,0.01441869489631878,0.074,0.07315859999999999,0.0754748,0.013871646739055157,0.02075,0.0200498,0.021275000000000002,0.026432898994263078,1073664.0,1073664.0,1073664.0,0.0,24576.0,24576.0,24576.0,0.0,0.0,0.0,0.0,,0.0,0.0,0.0,,0.0,0.0,0.0,,0.0,0.0,0.0,
layer=43|op=GLU|family=GLU,43,GLU,GLU,False,1,0.047291,0.0466502,0.1827754,0.6565032382479125,0.045958,0.045099799999999995,0.17945,0.6626601796872174,0.044959,0.044208,0.180417,0.6729431444336476,139264.0,139264.0,139264.0,0.0,69632.0,69632.0,69632.0,0.0,0.0,0.0,0.0,,0.0,0.0,0.0,,0.0,0.0,0.0,,0.0,0.0,0.0,
layer=43|op=MUL_MAT|family=MUL_MAT,43,MUL_MAT,MUL_MAT,False,1,1.614791,1.6054084000000002,1.6500668,0.013531698970583012,1.606833,1.5994422000000001,1.6435246000000001,0.013555739591778622,0.127125,0.1038834,0.1297084,0.10162903770445589,8867840.0,8867840.0,8867840.0,0.0,20480.0,20480.0,20480.0,0.0,8847360.0,8847360.0,8847360.0,0.0,16711680.0,16711680.0,16711680.0,0.0,1.593292,1.5850748,1.6130248,0.00860234391591925,0.0,0.0,0.0,
layer=43|op=MUL|family=MUL,43,MUL,MUL,False,1,0.005292,0.0050668,0.012016,0.6008173758568269,0.004417,0.0043088,0.011,0.65841146709324,0.004042,0.004,0.010550200000000001,0.6800026575032883,49152.0,49152.0,49152.0,0.0,24576.0,24576.0,24576.0,0.0,0.0,0.0,0.0,,0.0,0.0,0.0,,0.0,0.0,0.0,,0.0,0.0,0.0,
layer=43|op=RMS_NORM|family=fused:RMS_NORM,43,RMS_NORM,fused:RMS_NORM,True,2,0.0120835,0.0117626,0.0157629,0.14428687922155628,0.010916499999999999,0.010775199999999999,0.013567200000000001,0.14707312360833968,0.010709,0.0103001,0.0111124,0.03519921360092521,20480.0,20480.0,20480.0,0.0,20480.0,20480.0,20480.0,0.0,0.0,0.0,0.0,,0.0,0.0,0.0,,0.0,0.0,0.0,,0.0,0.0,0.0,
layer=43|op=ROPE|family=ROPE,43,ROPE,ROPE,False,1,0.013896,0.0134832,0.014487499999999999,0.03268682938422639,0.011896,0.011553899999999999,0.0119458,0.015413976578382662,0.008958500000000001,0.0088002,0.0094792,0.03386845496152872,14352.0,14352.0,14352.0,0.0,14336.0,14336.0,14336.0,0.0,0.0,0.0,0.0,,0.0,0.0,0.0,,0.0,0.0,0.0,,0.0,0.0,0.0,
layer=43|op=UNARY|family=UNARY,43,UNARY,UNARY,False,1,0.057834,0.057616600000000004,0.1550922,0.7180105640960456,0.056875,0.0566582,0.15385020000000002,0.725342283512232,0.056208,0.055675,0.153034,0.7324235109812339,24576.0,24576.0,24576.0,0.0,24576.0,24576.0,24576.0,0.0,0.0,0.0,0.0,,0.0,0.0,0.0,,0.0,0.0,0.0,,0.0,0.0,0.0,
layer=44|op=ADD|family=ADD,44,ADD,ADD,False,1,0.0110625,0.009996099999999999,0.0136045,0.16730526582893127,0.0099795,0.0085462,0.012296,0.18618183131536942,0.0085,0.008046000000000001,0.01175,0.21269638275839167,40960.0,40960.0,40960.0,0.0,20480.0,20480.0,20480.0,0.0,0.0,0.0,0.0,,0.0,0.0,0.0,,0.0,0.0,0.0,,0.0,0.0,0.0,
layer=44|op=CONCAT|family=CONCAT,44,CONCAT,CONCAT,False,1,0.088917,0.08833339999999999,0.2194084,0.45457084099123274,0.087459,0.0867838,0.2173832,0.45867295692012877,0.087417,0.0862414,0.2174332,0.46075537979329517,163840.0,163840.0,163840.0,0.0,163840.0,163840.0,163840.0,0.0,0.0,0.0,0.0,,0.0,0.0,0.0,,0.0,0.0,0.0,,0.0,0.0,0.0,
layer=44|op=GATED_DELTA_NET|family=GATED_DELTA_NET,44,GATED_DELTA_NET,GATED_DELTA_NET,False,1,1.095542,1.0590414,1.2206664,0.06636889509240006,1.088083,1.0525004,1.2117504,0.066036115269623,0.162041,0.067483,0.2061248,0.45724468248826594,3187072.0,3187072.0,3187072.0,0.0,3170304.0,3170304.0,3170304.0,0.0,0.0,0.0,0.0,,0.0,0.0,0.0,,0.0,0.0,0.0,,0.0,0.0,0.0,
layer=44|op=GET_ROWS|family=GET_ROWS,44,GET_ROWS,GET_ROWS,False,1,0.025792,0.0239664,0.040292,0.2484219965905027,0.024709,0.0226002,0.0391338,0.2604339265943161,0.024208,0.0225582,0.0393162,0.266515016189507,122884.0,122884.0,122884.0,0.0,122880.0,122880.0,122880.0,0.0,0.0,0.0,0.0,,0.0,0.0,0.0,,0.0,0.0,0.0,,0.0,0.0,0.0,
layer=44|op=GLU|family=GLU,44,GLU,GLU,False,1,0.047375,0.0466002,0.1305832,0.7408421292799461,0.04575,0.045333399999999996,0.050058,0.06035640736679962,0.045333,0.044216399999999996,0.1285252,0.7646679785556877,139264.0,139264.0,139264.0,0.0,69632.0,69632.0,69632.0,0.0,0.0,0.0,0.0,,0.0,0.0,0.0,,0.0,0.0,0.0,,0.0,0.0,0.0,
layer=44|op=L2_NORM|family=L2_NORM,44,L2_NORM,L2_NORM,False,1,0.006125,0.0061037,0.0064413000000000005,0.025916749632316376,0.004896,0.004758699999999999,0.0050084,0.022649949870254385,0.0038954999999999997,0.0038621000000000003,0.0044377,0.07046934722523018,8192.0,8192.0,8192.0,0.0,8192.0,8192.0,8192.0,0.0,0.0,0.0,0.0,,0.0,0.0,0.0,,0.0,0.0,0.0,,0.0,0.0,0.0,
layer=44|op=MUL_MAT|family=MUL_MAT,44,MUL_MAT,MUL_MAT,False,1,2.280833,2.2702748,2.2949164,0.004784747670403624,2.273708,2.264608,2.2873167999999997,0.004442837863174661,0.166166,0.153425,0.16955,0.045055636767236444,12554240.0,12554240.0,12554240.0,0.0,24576.0,24576.0,24576.0,0.0,12533760.0,12533760.0,12533760.0,0.0,23674880.0,23674880.0,23674880.0,0.0,2.256666,2.2504252,2.2731166,0.0045097609086401065,0.0,0.0,0.0,
layer=44|op=MUL|family=MUL,44,MUL,MUL,False,1,0.003125,0.002958,0.0034,0.06435066838719884,0.002,0.001958,0.0023086,0.07906310806368123,0.001583,0.0014418,0.0016666,0.06847963352801299,384.0,384.0,384.0,0.0,192.0,192.0,192.0,0.0,0.0,0.0,0.0,,0.0,0.0,0.0,,0.0,0.0,0.0,,0.0,0.0,0.0,
layer=44|op=RMS_NORM|family=fused:RMS_NORM,44,RMS_NORM,fused:RMS_NORM,True,2,0.045666,0.0126832,0.0523418,0.5252349536213823,0.029583,0.0113836,0.0460828,0.5439904287846534,0.021875,0.011532800000000001,0.0510918,0.6136292797876022,20480.0,20480.0,20480.0,0.0,20480.0,20480.0,20480.0,0.0,0.0,0.0,0.0,,0.0,0.0,0.0,,0.0,0.0,0.0,,0.0,0.0,0.0,
layer=44|op=SSM_CONV|family=SSM_CONV,44,SSM_CONV,SSM_CONV,False,1,0.042416,0.0411416,0.045792200000000005,0.05855403536147108,0.040334,0.039691,0.0443332,0.05928969262691544,0.015625,0.0145916,0.0173752,0.07839908532433633,327680.0,327680.0,327680.0,0.0,40960.0,40960.0,40960.0,0.0,0.0,0.0,0.0,,0.0,0.0,0.0,,0.0,0.0,0.0,,0.0,0.0,0.0,
layer=44|op=UNARY|family=UNARY,44,UNARY,UNARY,False,1,0.004375,0.0041998,0.004733,0.05598570484355998,0.003416,0.0031836,0.0035666,0.052396597568291965,0.003,0.0029082,0.0033082,0.05921583383001915,192.0,192.0,192.0,0.0,192.0,192.0,192.0,0.0,0.0,0.0,0.0,,0.0,0.0,0.0,,0.0,0.0,0.0,,0.0,0.0,0.0,
layer=45|op=ADD|family=ADD,45,ADD,ADD,False,1,0.011396,0.0099165,0.0165087,0.29913728169357146,0.010166999999999999,0.0086206,0.014891999999999999,0.31663116728387397,0.0092295,0.0080505,0.0147084,0.3647094808025671,40960.0,40960.0,40960.0,0.0,20480.0,20480.0,20480.0,0.0,0.0,0.0,0.0,,0.0,0.0,0.0,,0.0,0.0,0.0,,0.0,0.0,0.0,
layer=45|op=CONCAT|family=CONCAT,45,CONCAT,CONCAT,False,1,0.088583,0.0877338,0.168425,0.464509753852266,0.0875,0.0867338,0.0914162,0.031202801198420012,0.086625,0.08590039999999999,0.1668078,0.47264612024586083,163840.0,163840.0,163840.0,0.0,163840.0,163840.0,163840.0,0.0,0.0,0.0,0.0,,0.0,0.0,0.0,,0.0,0.0,0.0,,0.0,0.0,0.0,
layer=45|op=GATED_DELTA_NET|family=GATED_DELTA_NET,45,GATED_DELTA_NET,GATED_DELTA_NET,False,1,1.189375,1.0973002,1.2272916,0.0497401535617956,1.184416,1.0849334,1.2211664,0.05273954813859183,0.215667,0.1391918,0.2360166,0.22796231128170374,3187072.0,3187072.0,3187072.0,0.0,3170304.0,3170304.0,3170304.0,0.0,0.0,0.0,0.0,,0.0,0.0,0.0,,0.0,0.0,0.0,,0.0,0.0,0.0,
layer=45|op=GET_ROWS|family=GET_ROWS,45,GET_ROWS,GET_ROWS,False,1,0.024959,0.024225,0.0370082,0.26723931675494006,0.0235,0.0229334,0.0274912,0.091975148318278,0.023959,0.0232914,0.035933400000000004,0.27787143026067906,122884.0,122884.0,122884.0,0.0,122880.0,122880.0,122880.0,0.0,0.0,0.0,0.0,,0.0,0.0,0.0,,0.0,0.0,0.0,,0.0,0.0,0.0,
layer=45|op=GLU|family=GLU,45,GLU,GLU,False,1,0.047708,0.0470586,0.12885000000000002,0.7259780401117111,0.046167,0.045891799999999996,0.12654160000000003,0.7348470479272107,0.045583,0.044383599999999995,0.1265,0.7499010572628885,139264.0,139264.0,139264.0,0.0,69632.0,69632.0,69632.0,0.0,0.0,0.0,0.0,,0.0,0.0,0.0,,0.0,0.0,0.0,,0.0,0.0,0.0,
layer=45|op=L2_NORM|family=L2_NORM,45,L2_NORM,L2_NORM,False,1,0.0061665,0.0061331,0.0063294,0.01581131532769411,0.0048745,0.0048294,0.0049873,0.014790716028110766,0.0040415,0.0039,0.0042375,0.04070083930910146,8192.0,8192.0,8192.0,0.0,8192.0,8192.0,8192.0,0.0,0.0,0.0,0.0,,0.0,0.0,0.0,,0.0,0.0,0.0,,0.0,0.0,0.0,
layer=45|op=MUL_MAT|family=MUL_MAT,45,MUL_MAT,MUL_MAT,False,1,2.289125,2.2712498,2.3218414,0.009823458068238032,2.282375,2.2651998,2.314591,0.00965415498374594,0.178417,0.1415248,0.179883,0.11154992853910166,12554240.0,12554240.0,12554240.0,0.0,24576.0,24576.0,24576.0,0.0,12533760.0,12533760.0,12533760.0,0.0,23674880.0,23674880.0,23674880.0,0.0,2.2565,2.2482336000000003,2.2790916,0.0067410044257599526,0.0,0.0,0.0,
layer=45|op=MUL|family=MUL,45,MUL,MUL,False,1,0.003041,0.0029328,0.0030914000000000002,0.02413432656755069,0.001917,0.0018078,0.0020078,0.046633334049138025,0.001667,0.0015915999999999999,0.0018168,0.0608168161046537,384.0,384.0,384.0,0.0,192.0,192.0,192.0,0.0,0.0,0.0,0.0,,0.0,0.0,0.0,,0.0,0.0,0.0,,0.0,0.0,0.0,
layer=45|op=RMS_NORM|family=fused:RMS_NORM,45,RMS_NORM,fused:RMS_NORM,True,2,0.044333,0.0126166,0.0510914,0.5178956796481885,0.027042,0.0111752,0.028233,0.383217084364287,0.022375,0.0112168,0.042550000000000004,0.5682559128319192,20480.0,20480.0,20480.0,0.0,20480.0,20480.0,20480.0,0.0,0.0,0.0,0.0,,0.0,0.0,0.0,,0.0,0.0,0.0,,0.0,0.0,0.0,
layer=45|op=SSM_CONV|family=SSM_CONV,45,SSM_CONV,SSM_CONV,False,1,0.041625,0.039533,0.0435578,0.046507222291423594,0.040375,0.0382834,0.0424582,0.04752163768670671,0.015208,0.0136412,0.0164252,0.0812898557166247,327680.0,327680.0,327680.0,0.0,40960.0,40960.0,40960.0,0.0,0.0,0.0,0.0,,0.0,0.0,0.0,,0.0,0.0,0.0,,0.0,0.0,0.0,
layer=45|op=UNARY|family=UNARY,45,UNARY,UNARY,False,1,0.004417,0.0042836,0.004658000000000001,0.037322860305141266,0.003583,0.0032748,0.0036082,0.045886682543074216,0.003125,0.0028334000000000002,0.0034168,0.08343404340352749,192.0,192.0,192.0,0.0,192.0,192.0,192.0,0.0,0.0,0.0,0.0,,0.0,0.0,0.0,,0.0,0.0,0.0,,0.0,0.0,0.0,
layer=46|op=ADD|family=ADD,46,ADD,ADD,False,1,0.010624999999999999,0.0100333,0.0201709,0.34151397545246154,0.0091455,0.0090001,0.0173956,0.32803939193007314,0.008625,0.0079378,0.017492,0.3807230845539022,40960.0,40960.0,40960.0,0.0,20480.0,20480.0,20480.0,0.0,0.0,0.0,0.0,,0.0,0.0,0.0,,0.0,0.0,0.0,,0.0,0.0,0.0,
layer=46|op=CONCAT|family=CONCAT,46,CONCAT,CONCAT,False,1,0.088292,0.0876666,0.1006166,0.0861965973839123,0.087292,0.08654179999999999,0.0985496,0.08351030039677373,0.086834,0.08639999999999999,0.0872168,0.004210689781826098,163840.0,163840.0,163840.0,0.0,163840.0,163840.0,163840.0,0.0,0.0,0.0,0.0,,0.0,0.0,0.0,,0.0,0.0,0.0,,0.0,0.0,0.0,
layer=46|op=GATED_DELTA_NET|family=GATED_DELTA_NET,46,GATED_DELTA_NET,GATED_DELTA_NET,False,1,1.103,1.0872914,1.149058,0.02515520357250911,1.096875,1.0816915999999999,1.1401584,0.023952937326174217,0.124458,0.1007,0.222233,0.360726925453429,3187072.0,3187072.0,3187072.0,0.0,3170304.0,3170304.0,3170304.0,0.0,0.0,0.0,0.0,,0.0,0.0,0.0,,0.0,0.0,0.0,,0.0,0.0,0.0,
layer=46|op=GET_ROWS|family=GET_ROWS,46,GET_ROWS,GET_ROWS,False,1,0.024792,0.023467000000000002,0.03265,0.19770657468942596,0.023334,0.022292199999999998,0.0257838,0.06922122213860003,0.024167,0.0224086,0.0318836,0.2070481937958287,122884.0,122884.0,122884.0,0.0,122880.0,122880.0,122880.0,0.0,0.0,0.0,0.0,,0.0,0.0,0.0,,0.0,0.0,0.0,,0.0,0.0,0.0,
layer=46|op=GLU|family=GLU,46,GLU,GLU,False,1,0.047875,0.0471082,0.1831998,0.6526736660470047,0.045666,0.0452336,0.12797480000000003,0.7088444488326893,0.045291,0.044924599999999995,0.18075,0.668373811061576,139264.0,139264.0,139264.0,0.0,69632.0,69632.0,69632.0,0.0,0.0,0.0,0.0,,0.0,0.0,0.0,,0.0,0.0,0.0,,0.0,0.0,0.0,
layer=46|op=L2_NORM|family=L2_NORM,46,L2_NORM,L2_NORM,False,1,0.0062710000000000005,0.0061083000000000005,0.0064251,0.02220153677633993,0.004958,0.0048541999999999995,0.005004399999999999,0.014355193871598214,0.0039795,0.0039415,0.004258400000000001,0.04013309370957201,8192.0,8192.0,8192.0,0.0,8192.0,8192.0,8192.0,0.0,0.0,0.0,0.0,,0.0,0.0,0.0,,0.0,0.0,0.0,,0.0,0.0,0.0,
layer=46|op=MUL_MAT|family=MUL_MAT,46,MUL_MAT,MUL_MAT,False,1,2.288625,2.2673998,2.292992,0.005188035958165013,2.281875,2.2614166,2.2882838,0.005379758302538686,0.179042,0.1536166,0.1922082,0.09915634253084155,12554240.0,12554240.0,12554240.0,0.0,24576.0,24576.0,24576.0,0.0,12533760.0,12533760.0,12533760.0,0.0,23674880.0,23674880.0,23674880.0,0.0,2.259292,2.2488332,2.271858,0.004585271028048205,0.0,0.0,0.0,
layer=46|op=MUL|family=MUL,46,MUL,MUL,False,1,0.003208,0.0031165999999999998,0.0034914,0.051617395642811245,0.00225,0.0020338,0.002375,0.0753983992554522,0.001792,0.0016914,0.0022413999999999997,0.13579657840283524,384.0,384.0,384.0,0.0,192.0,192.0,192.0,0.0,0.0,0.0,0.0,,0.0,0.0,0.0,,0.0,0.0,0.0,,0.0,0.0,0.0,
layer=46|op=RMS_NORM|family=fused:RMS_NORM,46,RMS_NORM,fused:RMS_NORM,True,2,0.012833,0.012116,0.0526416,0.6896507812453416,0.011875,0.0112246,0.0488,0.6900031686553297,0.011958,0.0108664,0.05095,0.7142512993988959,20480.0,20480.0,20480.0,0.0,20480.0,20480.0,20480.0,0.0,0.0,0.0,0.0,,0.0,0.0,0.0,,0.0,0.0,0.0,,0.0,0.0,0.0,
layer=46|op=SSM_CONV|family=SSM_CONV,46,SSM_CONV,SSM_CONV,False,1,0.039708,0.0386498,0.0405916,0.023899354934906053,0.038334,0.0374078,0.0384668,0.014125459140283658,0.015916,0.0148578,0.0174916,0.0724351601842918,327680.0,327680.0,327680.0,0.0,40960.0,40960.0,40960.0,0.0,0.0,0.0,0.0,,0.0,0.0,0.0,,0.0,0.0,0.0,,0.0,0.0,0.0,
layer=46|op=UNARY|family=UNARY,46,UNARY,UNARY,False,1,0.004583,0.0044418,0.0048998,0.050941138314993986,0.003625,0.0036004,0.0037252,0.019904786554555874,0.003166,0.0028250000000000003,0.0033669999999999998,0.08643957612112634,192.0,192.0,192.0,0.0,192.0,192.0,192.0,0.0,0.0,0.0,0.0,,0.0,0.0,0.0,,0.0,0.0,0.0,,0.0,0.0,0.0,
layer=47|op=ADD|family=ADD,47,ADD,ADD,False,1,0.010957999999999999,0.0098417,0.0167502,0.3259836901520017,0.009708000000000001,0.008699700000000001,0.0150166,0.3349008058388403,0.00925,0.0081245,0.0150332,0.381503722125586,40960.0,40960.0,40960.0,0.0,20480.0,20480.0,20480.0,0.0,0.0,0.0,0.0,,0.0,0.0,0.0,,0.0,0.0,0.0,,0.0,0.0,0.0,
layer=47|op=CONT|family=CONT,47,CONT,CONT,False,1,0.008625,0.008292,0.009124799999999999,0.04263303888749149,0.007292,0.0067502000000000005,0.0074080000000000005,0.05217386867716389,0.004917,0.0040168,0.005691,0.15730026611294043,48128.0,48128.0,48128.0,0.0,24576.0,24576.0,24576.0,0.0,0.0,0.0,0.0,,0.0,0.0,0.0,,0.0,0.0,0.0,,0.0,0.0,0.0,
layer=47|op=FLASH_ATTN_EXT|family=FLASH_ATTN_EXT,47,FLASH_ATTN_EXT,FLASH_ATTN_EXT,False,1,0.076458,0.0750338,0.078283,0.018682654462354932,0.074917,0.072892,0.07619959999999999,0.019557923026908897,0.020833,0.0199922,0.021199600000000002,0.02748490132389842,1073664.0,1073664.0,1073664.0,0.0,24576.0,24576.0,24576.0,0.0,0.0,0.0,0.0,,0.0,0.0,0.0,,0.0,0.0,0.0,,0.0,0.0,0.0,
layer=47|op=GLU|family=GLU,47,GLU,GLU,False,1,0.048083,0.0478334,0.1272166,0.7075843808634714,0.046292,0.0457164,0.1250832,0.7244105603585952,0.046208,0.0454332,0.1251334,0.7251400699256527,139264.0,139264.0,139264.0,0.0,69632.0,69632.0,69632.0,0.0,0.0,0.0,0.0,,0.0,0.0,0.0,,0.0,0.0,0.0,,0.0,0.0,0.0,
layer=47|op=MUL_MAT|family=MUL_MAT,47,MUL_MAT,MUL_MAT,False,1,1.619208,1.6085414,1.6400836,0.010183346020700191,1.614292,1.6016332,1.6339078,0.010372792003569414,0.110208,0.0995668,0.1207502,0.08872497956441963,8867840.0,8867840.0,8867840.0,0.0,20480.0,20480.0,20480.0,0.0,8847360.0,8847360.0,8847360.0,0.0,16711680.0,16711680.0,16711680.0,0.0,1.594875,1.5873666,1.6226,0.011137276840170173,0.0,0.0,0.0,
layer=47|op=MUL|family=MUL,47,MUL,MUL,False,1,0.005375,0.0051336,0.0117996,0.5688151669152975,0.004459,0.0042414,0.010682800000000001,0.6331903144175582,0.003833,0.0034752,0.0103832,0.7525567578721422,49152.0,49152.0,49152.0,0.0,24576.0,24576.0,24576.0,0.0,0.0,0.0,0.0,,0.0,0.0,0.0,,0.0,0.0,0.0,,0.0,0.0,0.0,
layer=47|op=RMS_NORM|family=fused:RMS_NORM,47,RMS_NORM,fused:RMS_NORM,True,2,0.0118125,0.0114043,0.014695900000000001,0.15872197108359568,0.010624999999999999,0.0104666,0.0133335,0.15152241305830605,0.010104,0.0099082,0.0104792,0.02576537717276542,20480.0,20480.0,20480.0,0.0,20480.0,20480.0,20480.0,0.0,0.0,0.0,0.0,,0.0,0.0,0.0,,0.0,0.0,0.0,,0.0,0.0,0.0,
layer=47|op=ROPE|family=ROPE,47,ROPE,ROPE,False,1,0.013562500000000002,0.013083200000000001,0.0137374,0.02467780080017826,0.0114795,0.0114585,0.0118708,0.018592598255867974,0.0092295,0.0089042,0.0092498,0.024180414167718066,14352.0,14352.0,14352.0,0.0,14336.0,14336.0,14336.0,0.0,0.0,0.0,0.0,,0.0,0.0,0.0,,0.0,0.0,0.0,,0.0,0.0,0.0,
layer=47|op=UNARY|family=UNARY,47,UNARY,UNARY,False,1,0.058083,0.057416800000000004,0.1554338,0.7190952918567199,0.057166,0.056433000000000004,0.15410020000000002,0.7257249754392489,0.055833,0.055591800000000004,0.15321720000000003,0.7360705280574763,24576.0,24576.0,24576.0,0.0,24576.0,24576.0,24576.0,0.0,0.0,0.0,0.0,,0.0,0.0,0.0,,0.0,0.0,0.0,,0.0,0.0,0.0,
layer=48|op=ADD|family=ADD,48,ADD,ADD,False,1,0.015625,0.0096416,0.018158200000000003,0.2760249223195527,0.014062499999999999,0.0085293,0.0164167,0.2852013151177663,0.013125,0.0078003000000000005,0.0165916,0.3258048146737331,40960.0,40960.0,40960.0,0.0,20480.0,20480.0,20480.0,0.0,0.0,0.0,0.0,,0.0,0.0,0.0,,0.0,0.0,0.0,,0.0,0.0,0.0,
layer=48|op=CONCAT|family=CONCAT,48,CONCAT,CONCAT,False,1,0.0885,0.08773339999999999,0.16744140000000002,0.4593842846041648,0.08675,0.08624219999999999,0.1651166,0.4628986728913913,0.086709,0.08615039999999999,0.16557500000000003,0.4656955380582673,163840.0,163840.0,163840.0,0.0,163840.0,163840.0,163840.0,0.0,0.0,0.0,0.0,,0.0,0.0,0.0,,0.0,0.0,0.0,,0.0,0.0,0.0,
layer=48|op=GATED_DELTA_NET|family=GATED_DELTA_NET,48,GATED_DELTA_NET,GATED_DELTA_NET,False,1,1.092791,1.0803582,1.1637086,0.03567896915064411,1.086666,1.072817,1.152617,0.03454734653276162,0.142708,0.087425,0.2194584,0.3978928472321325,3187072.0,3187072.0,3187072.0,0.0,3170304.0,3170304.0,3170304.0,0.0,0.0,0.0,0.0,,0.0,0.0,0.0,,0.0,0.0,0.0,,0.0,0.0,0.0,
layer=48|op=GET_ROWS|family=GET_ROWS,48,GET_ROWS,GET_ROWS,False,1,0.025,0.0235752,0.0324666,0.19407840863626422,0.02375,0.0225168,0.031175,0.20240986011289494,0.02425,0.02255,0.0316082,0.20079459592457982,122884.0,122884.0,122884.0,0.0,122880.0,122880.0,122880.0,0.0,0.0,0.0,0.0,,0.0,0.0,0.0,,0.0,0.0,0.0,,0.0,0.0,0.0,
layer=48|op=GLU|family=GLU,48,GLU,GLU,False,1,0.047875,0.0467998,0.12814200000000003,0.7228130915642256,0.045584,0.045190999999999995,0.12577520000000003,0.7400567472454506,0.045167,0.0448412,0.1258916,0.7443785486360676,139264.0,139264.0,139264.0,0.0,69632.0,69632.0,69632.0,0.0,0.0,0.0,0.0,,0.0,0.0,0.0,,0.0,0.0,0.0,,0.0,0.0,0.0,
layer=48|op=L2_NORM|family=L2_NORM,48,L2_NORM,L2_NORM,False,1,0.00625,0.0059958,0.0067164,0.0506069563837755,0.0050005,0.0047458000000000005,0.0052953,0.04832309010943378,0.0041665,0.0038876,0.0044041,0.05644920800438166,8192.0,8192.0,8192.0,0.0,8192.0,8192.0,8192.0,0.0,0.0,0.0,0.0,,0.0,0.0,0.0,,0.0,0.0,0.0,,0.0,0.0,0.0,
layer=48|op=MUL_MAT|family=MUL_MAT,48,MUL_MAT,MUL_MAT,False,1,2.284291,2.2792666,2.2947254,0.0034284883387607577,2.276625,2.2732002,2.2879836,0.0033000874935529665,0.164292,0.143967,0.1781828,0.09589814701670346,12554240.0,12554240.0,12554240.0,0.0,24576.0,24576.0,24576.0,0.0,12533760.0,12533760.0,12533760.0,0.0,23674880.0,23674880.0,23674880.0,0.0,2.263458,2.2582422,2.2711254000000003,0.0026652647304040156,0.0,0.0,0.0,
layer=48|op=MUL|family=MUL,48,MUL,MUL,False,1,0.003416,0.0031834,0.0036916,0.06539731742533147,0.002209,0.0021166,0.0024746,0.07186241869955443,0.001791,0.0016413999999999999,0.0018834000000000001,0.06086558874606201,384.0,384.0,384.0,0.0,192.0,192.0,192.0,0.0,0.0,0.0,0.0,,0.0,0.0,0.0,,0.0,0.0,0.0,,0.0,0.0,0.0,
layer=48|op=RMS_NORM|family=fused:RMS_NORM,48,RMS_NORM,fused:RMS_NORM,True,2,0.0435,0.0146418,0.0510998,0.4808562150842413,0.032333,0.013224999999999999,0.038558,0.426225442210534,0.022417,0.0130588,0.0432162,0.5357624338799245,20480.0,20480.0,20480.0,0.0,20480.0,20480.0,20480.0,0.0,0.0,0.0,0.0,,0.0,0.0,0.0,,0.0,0.0,0.0,,0.0,0.0,0.0,
layer=48|op=SSM_CONV|family=SSM_CONV,48,SSM_CONV,SSM_CONV,False,1,0.041375,0.0409082,0.046192000000000004,0.07277283692521036,0.040459,0.0394748,0.0429166,0.04390420770992659,0.016458,0.0136418,0.0183164,0.1323636860553732,327680.0,327680.0,327680.0,0.0,40960.0,40960.0,40960.0,0.0,0.0,0.0,0.0,,0.0,0.0,0.0,,0.0,0.0,0.0,,0.0,0.0,0.0,
layer=48|op=UNARY|family=UNARY,48,UNARY,UNARY,False,1,0.004541,0.0042086,0.0051912,0.09902743606657986,0.003541,0.0031668,0.0037332,0.07734704254000437,0.002834,0.0027664,0.0036252,0.15786780710291898,192.0,192.0,192.0,0.0,192.0,192.0,192.0,0.0,0.0,0.0,0.0,,0.0,0.0,0.0,,0.0,0.0,0.0,,0.0,0.0,0.0,
layer=49|op=ADD|family=ADD,49,ADD,ADD,False,1,0.009917,0.0098708,0.0177335,0.38968342806077205,0.008979000000000001,0.008558300000000001,0.015108400000000001,0.3612689265415677,0.0082085,0.0079545,0.0153959,0.4269336612081113,40960.0,40960.0,40960.0,0.0,20480.0,20480.0,20480.0,0.0,0.0,0.0,0.0,,0.0,0.0,0.0,,0.0,0.0,0.0,,0.0,0.0,0.0,
layer=49|op=CONCAT|family=CONCAT,49,CONCAT,CONCAT,False,1,0.089958,0.08776719999999999,0.2193918,0.4548647485929478,0.088166,0.0864836,0.21695,0.4574686825202094,0.086625,0.08596699999999999,0.21821680000000002,0.465004646005794,163840.0,163840.0,163840.0,0.0,163840.0,163840.0,163840.0,0.0,0.0,0.0,0.0,,0.0,0.0,0.0,,0.0,0.0,0.0,,0.0,0.0,0.0,
layer=49|op=GATED_DELTA_NET|family=GATED_DELTA_NET,49,GATED_DELTA_NET,GATED_DELTA_NET,False,1,1.105875,1.0972914,1.1578336,0.02856700643459105,1.100458,1.089891,1.1502498,0.028607435328777714,0.141791,0.0876754,0.20127520000000002,0.3515611004721998,3187072.0,3187072.0,3187072.0,0.0,3170304.0,3170304.0,3170304.0,0.0,0.0,0.0,0.0,,0.0,0.0,0.0,,0.0,0.0,0.0,,0.0,0.0,0.0,
layer=49|op=GET_ROWS|family=GET_ROWS,49,GET_ROWS,GET_ROWS,False,1,0.036917,0.0240004,0.038058,0.20555390991493114,0.027,0.0227084,0.035966599999999994,0.20546156499848992,0.035667,0.0228504,0.0371914,0.2156468278295673,122884.0,122884.0,122884.0,0.0,122880.0,122880.0,122880.0,0.0,0.0,0.0,0.0,,0.0,0.0,0.0,,0.0,0.0,0.0,,0.0,0.0,0.0,
layer=49|op=GLU|family=GLU,49,GLU,GLU,False,1,0.047292,0.0467586,0.12755880000000003,0.7196056147741186,0.046208,0.0450082,0.12505,0.7319711175616993,0.045042,0.0446666,0.12507520000000003,0.7408707575174798,139264.0,139264.0,139264.0,0.0,69632.0,69632.0,69632.0,0.0,0.0,0.0,0.0,,0.0,0.0,0.0,,0.0,0.0,0.0,,0.0,0.0,0.0,
layer=49|op=L2_NORM|family=L2_NORM,49,L2_NORM,L2_NORM,False,1,0.0061665,0.005954,0.0062376,0.02317560687049823,0.0049794999999999996,0.0048417,0.0051169,0.027205038579638706,0.004125,0.0039959,0.0043877000000000005,0.04359225718082891,8192.0,8192.0,8192.0,0.0,8192.0,8192.0,8192.0,0.0,0.0,0.0,0.0,,0.0,0.0,0.0,,0.0,0.0,0.0,,0.0,0.0,0.0,
layer=49|op=MUL_MAT|family=MUL_MAT,49,MUL_MAT,MUL_MAT,False,1,2.293,2.2841416,2.3113748,0.005411879249799797,2.2875,2.2786416000000003,2.3040166,0.005066027840799085,0.170333,0.1487164,0.1874748,0.10793305158082367,12554240.0,12554240.0,12554240.0,0.0,24576.0,24576.0,24576.0,0.0,12533760.0,12533760.0,12533760.0,0.0,23674880.0,23674880.0,23674880.0,0.0,2.264,2.2606834,2.2903754,0.006482708826116917,0.0,0.0,0.0,
layer=49|op=MUL|family=MUL,49,MUL,MUL,False,1,0.00325,0.0029335999999999997,0.0033996,0.0742622569849584,0.002083,0.001725,0.0021748,0.10591751295085937,0.001708,0.0016418,0.0020416,0.11740664797043784,384.0,384.0,384.0,0.0,192.0,192.0,192.0,0.0,0.0,0.0,0.0,,0.0,0.0,0.0,,0.0,0.0,0.0,,0.0,0.0,0.0,
layer=49|op=RMS_NORM|family=fused:RMS_NORM,49,RMS_NORM,fused:RMS_NORM,True,2,0.050209,0.012141800000000001,0.0765088,0.6848050968789288,0.026375,0.0109422,0.0410914,0.5554878223059113,0.048792,0.010891399999999999,0.06173340000000001,0.6144847826642015,20480.0,20480.0,20480.0,0.0,20480.0,20480.0,20480.0,0.0,0.0,0.0,0.0,,0.0,0.0,0.0,,0.0,0.0,0.0,,0.0,0.0,0.0,
layer=49|op=SSM_CONV|family=SSM_CONV,49,SSM_CONV,SSM_CONV,False,1,0.041291,0.040591800000000004,0.0429334,0.025696794184718586,0.039833,0.0392664,0.0415834,0.028931653404081655,0.016209,0.0139496,0.016975399999999998,0.08809536077609587,327680.0,327680.0,327680.0,0.0,40960.0,40960.0,40960.0,0.0,0.0,0.0,0.0,,0.0,0.0,0.0,,0.0,0.0,0.0,,0.0,0.0,0.0,
layer=49|op=UNARY|family=UNARY,49,UNARY,UNARY,False,1,0.0045,0.004142,0.0049834,0.08427028096391724,0.003291,0.0031418,0.0035666,0.056526502900254065,0.002792,0.0027254,0.0032664,0.08972150420115063,192.0,192.0,192.0,0.0,192.0,192.0,192.0,0.0,0.0,0.0,0.0,,0.0,0.0,0.0,,0.0,0.0,0.0,,0.0,0.0,0.0,
layer=4|op=ADD|family=ADD,4,ADD,ADD,False,1,0.011146,0.010374999999999999,0.0252751,0.5871569635094943,0.0095835,0.0091333,0.013417400000000001,0.24234388516568373,0.0087705,0.008345700000000001,0.0221251,0.650963194462609,40960.0,40960.0,40960.0,0.0,20480.0,20480.0,20480.0,0.0,0.0,0.0,0.0,,0.0,0.0,0.0,,0.0,0.0,0.0,,0.0,0.0,0.0,
layer=4|op=CONCAT|family=CONCAT,4,CONCAT,CONCAT,False,1,0.088708,0.0875248,0.1284666,0.2611465658101272,0.087167,0.0864836,0.11154159999999999,0.17036990172498664,0.086083,0.08560780000000001,0.12640020000000002,0.26799236818952094,163840.0,163840.0,163840.0,0.0,163840.0,163840.0,163840.0,0.0,0.0,0.0,0.0,,0.0,0.0,0.0,,0.0,0.0,0.0,,0.0,0.0,0.0,
layer=4|op=GATED_DELTA_NET|family=GATED_DELTA_NET,4,GATED_DELTA_NET,GATED_DELTA_NET,False,1,1.116625,1.0955998,1.1748338,0.03792041257118979,1.105417,1.0878416,1.1677418,0.03913528472316928,0.147958,0.0915002,0.22905020000000004,0.4322197520137585,3187072.0,3187072.0,3187072.0,0.0,3170304.0,3170304.0,3170304.0,0.0,0.0,0.0,0.0,,0.0,0.0,0.0,,0.0,0.0,0.0,,0.0,0.0,0.0,
layer=4|op=GET_ROWS|family=GET_ROWS,4,GET_ROWS,GET_ROWS,False,1,0.024042,0.0238662,0.024808,0.020608267587316445,0.023083,0.022925,0.0236164,0.015804894928203632,0.022791,0.0224754,0.023717000000000002,0.027159611885919,122884.0,122884.0,122884.0,0.0,122880.0,122880.0,122880.0,0.0,0.0,0.0,0.0,,0.0,0.0,0.0,,0.0,0.0,0.0,,0.0,0.0,0.0,
layer=4|op=GLU|family=GLU,4,GLU,GLU,False,1,0.047416,0.0470752,0.0489086,0.01755892336573254,0.045916,0.045391799999999996,0.0471748,0.020608905290827328,0.045,0.0448584,0.0460002,0.015370693021791951,139264.0,139264.0,139264.0,0.0,69632.0,69632.0,69632.0,0.0,0.0,0.0,0.0,,0.0,0.0,0.0,,0.0,0.0,0.0,,0.0,0.0,0.0,
layer=4|op=L2_NORM|family=L2_NORM,4,L2_NORM,L2_NORM,False,1,0.0063125,0.0061416000000000005,0.0065085,0.026185659077598365,0.0049794999999999996,0.0049081,0.005299999999999999,0.03585438124712626,0.004062,0.0039292,0.004545700000000001,0.07440856262964107,8192.0,8192.0,8192.0,0.0,8192.0,8192.0,8192.0,0.0,0.0,0.0,0.0,,0.0,0.0,0.0,,0.0,0.0,0.0,,0.0,0.0,0.0,
layer=4|op=MUL_MAT|family=MUL_MAT,4,MUL_MAT,MUL_MAT,False,1,2.275917,2.2707004,2.277825,0.0014154105133103168,2.268417,2.2637752,2.2707834,0.0014124578578221644,0.177584,0.1570668,0.220758,0.15220163098589373,12554240.0,12554240.0,12554240.0,0.0,24576.0,24576.0,24576.0,0.0,12533760.0,12533760.0,12533760.0,0.0,23674880.0,23674880.0,23674880.0,0.0,2.250959,2.2478246,2.2573088,0.0018929066095567518,0.0,0.0,0.0,
layer=4|op=MUL|family=MUL,4,MUL,MUL,False,1,0.003167,0.0028836,0.0032998,0.06458775941268814,0.002125,0.0017837999999999999,0.0023162,0.11718674559441694,0.00175,0.0016418,0.0019588,0.08285283553100586,384.0,384.0,384.0,0.0,192.0,192.0,192.0,0.0,0.0,0.0,0.0,,0.0,0.0,0.0,,0.0,0.0,0.0,,0.0,0.0,0.0,
layer=4|op=RMS_NORM|family=fused:RMS_NORM,4,RMS_NORM,fused:RMS_NORM,True,2,0.012375,0.011992000000000001,0.0785248,0.8985957939250411,0.011291,0.0107832,0.021107800000000003,0.4204269635329384,0.011459,0.0111172,0.06320780000000001,0.807694379658716,20480.0,20480.0,20480.0,0.0,20480.0,20480.0,20480.0,0.0,0.0,0.0,0.0,,0.0,0.0,0.0,,0.0,0.0,0.0,,0.0,0.0,0.0,
layer=4|op=SSM_CONV|family=SSM_CONV,4,SSM_CONV,SSM_CONV,False,1,0.040417,0.0396336,0.0406168,0.01123608114837279,0.038625,0.0380582,0.039633,0.018061631016768873,0.016583,0.015558800000000001,0.0206916,0.1312285010783852,327680.0,327680.0,327680.0,0.0,40960.0,40960.0,40960.0,0.0,0.0,0.0,0.0,,0.0,0.0,0.0,,0.0,0.0,0.0,,0.0,0.0,0.0,
layer=4|op=UNARY|family=UNARY,4,UNARY,UNARY,False,1,0.004416,0.0041752,0.0256334,0.8154267700012378,0.0035,0.0031336000000000003,0.0040498,0.12377984935713601,0.003417,0.0028416,0.0236916,0.8940248203925468,192.0,192.0,192.0,0.0,192.0,192.0,192.0,0.0,0.0,0.0,0.0,,0.0,0.0,0.0,,0.0,0.0,0.0,,0.0,0.0,0.0,
layer=50|op=ADD|family=ADD,50,ADD,ADD,False,1,0.011396,0.0096582,0.017824800000000002,0.28545227547322044,0.009979499999999999,0.008583200000000001,0.0157165,0.289501305035101,0.008604,0.0075247000000000005,0.01585,0.35135724365551546,40960.0,40960.0,40960.0,0.0,20480.0,20480.0,20480.0,0.0,0.0,0.0,0.0,,0.0,0.0,0.0,,0.0,0.0,0.0,,0.0,0.0,0.0,
layer=50|op=CONCAT|family=CONCAT,50,CONCAT,CONCAT,False,1,0.088542,0.0878166,0.2196252,0.45766640359250105,0.087084,0.08675039999999999,0.164975,0.45887622705028763,0.087208,0.0865248,0.21835859999999999,0.4621504639182268,163840.0,163840.0,163840.0,0.0,163840.0,163840.0,163840.0,0.0,0.0,0.0,0.0,,0.0,0.0,0.0,,0.0,0.0,0.0,,0.0,0.0,0.0,
layer=50|op=GATED_DELTA_NET|family=GATED_DELTA_NET,50,GATED_DELTA_NET,GATED_DELTA_NET,False,1,1.110542,1.0754915999999999,1.1842496,0.04834556852229715,1.105625,1.0694836,1.1762082,0.0478847691894446,0.134084,0.1153334,0.19899160000000002,0.24946869914483405,3187072.0,3187072.0,3187072.0,0.0,3170304.0,3170304.0,3170304.0,0.0,0.0,0.0,0.0,,0.0,0.0,0.0,,0.0,0.0,0.0,,0.0,0.0,0.0,
layer=50|op=GET_ROWS|family=GET_ROWS,50,GET_ROWS,GET_ROWS,False,1,0.0235,0.0224332,0.032216800000000004,0.21638557997355234,0.022542,0.02145,0.0307918,0.21640466865879063,0.022166,0.021699999999999997,0.0311834,0.22217545717310314,122884.0,122884.0,122884.0,0.0,122880.0,122880.0,122880.0,0.0,0.0,0.0,0.0,,0.0,0.0,0.0,,0.0,0.0,0.0,,0.0,0.0,0.0,
layer=50|op=GLU|family=GLU,50,GLU,GLU,False,1,0.0475,0.0474082,0.48504200000000003,1.224287414803337,0.046375,0.0456584,0.1275998,0.7137609186282659,0.045541,0.0451748,0.48250820000000005,1.2377654875016375,139264.0,139264.0,139264.0,0.0,69632.0,69632.0,69632.0,0.0,0.0,0.0,0.0,,0.0,0.0,0.0,,0.0,0.0,0.0,,0.0,0.0,0.0,
layer=50|op=L2_NORM|family=L2_NORM,50,L2_NORM,L2_NORM,False,1,0.006229,0.0059129000000000004,0.013333300000000003,0.5331395063586126,0.005042,0.0048086000000000005,0.0055625,0.06602180613172447,0.0041670000000000006,0.003987200000000001,0.010891300000000001,0.6924774810479222,8192.0,8192.0,8192.0,0.0,8192.0,8192.0,8192.0,0.0,0.0,0.0,0.0,,0.0,0.0,0.0,,0.0,0.0,0.0,,0.0,0.0,0.0,
layer=50|op=MUL_MAT|family=MUL_MAT,50,MUL_MAT,MUL_MAT,False,1,2.327667,2.2896078,2.334075,0.009122996100612714,2.321917,2.2842246,2.3272166000000003,0.008845851577684988,0.171875,0.166325,0.18310839999999998,0.048929443564421624,12554240.0,12554240.0,12554240.0,0.0,24576.0,24576.0,24576.0,0.0,12533760.0,12533760.0,12533760.0,0.0,23674880.0,23674880.0,23674880.0,0.0,2.27925,2.2679168,2.30465,0.00729868487207898,0.0,0.0,0.0,
layer=50|op=MUL|family=MUL,50,MUL,MUL,False,1,0.003042,0.0030164,0.0037586,0.11198927536216693,0.002125,0.0018918,0.0025004,0.12444023396269181,0.00175,0.0016585999999999999,0.00195,0.07348894116957427,384.0,384.0,384.0,0.0,192.0,192.0,192.0,0.0,0.0,0.0,0.0,,0.0,0.0,0.0,,0.0,0.0,0.0,,0.0,0.0,0.0,
layer=50|op=RMS_NORM|family=fused:RMS_NORM,50,RMS_NORM,fused:RMS_NORM,True,2,0.044042,0.012125200000000001,0.052324999999999997,0.5363628571574527,0.02975,0.011141400000000001,0.0308996,0.4165877681664552,0.027334,0.011083599999999999,0.0442004,0.5656563176148587,20480.0,20480.0,20480.0,0.0,20480.0,20480.0,20480.0,0.0,0.0,0.0,0.0,,0.0,0.0,0.0,,0.0,0.0,0.0,,0.0,0.0,0.0,
layer=50|op=SSM_CONV|family=SSM_CONV,50,SSM_CONV,SSM_CONV,False,1,0.043125,0.0389496,0.0443332,0.05845918816986467,0.0405,0.037557799999999995,0.0433002,0.06302392990837019,0.016541,0.0147666,0.0179748,0.08977324240201526,327680.0,327680.0,327680.0,0.0,40960.0,40960.0,40960.0,0.0,0.0,0.0,0.0,,0.0,0.0,0.0,,0.0,0.0,0.0,,0.0,0.0,0.0,
layer=50|op=UNARY|family=UNARY,50,UNARY,UNARY,False,1,0.004375,0.0042754,0.005083799999999999,0.08121758708004424,0.003458,0.0030584,0.003875,0.11288238242582323,0.002916,0.0027664,0.0033750000000000004,0.10509971330297109,192.0,192.0,192.0,0.0,192.0,192.0,192.0,0.0,0.0,0.0,0.0,,0.0,0.0,0.0,,0.0,0.0,0.0,,0.0,0.0,0.0,
layer=51|op=ADD|family=ADD,51,ADD,ADD,False,1,0.016729,0.0107792,0.020374800000000002,0.2714078504382159,0.014249499999999998,0.009475,0.0184083,0.2827617462974214,0.0141455,0.008596,0.018621,0.3241674786901812,40960.0,40960.0,40960.0,0.0,20480.0,20480.0,20480.0,0.0,0.0,0.0,0.0,,0.0,0.0,0.0,,0.0,0.0,0.0,,0.0,0.0,0.0,
layer=51|op=CONT|family=CONT,51,CONT,CONT,False,1,0.008541,0.0081834,0.0087498,0.02990576517803402,0.007208,0.0069418,0.0073502,0.02587879260537833,0.004708,0.0037748,0.004908399999999999,0.11755003709290762,48128.0,48128.0,48128.0,0.0,24576.0,24576.0,24576.0,0.0,0.0,0.0,0.0,,0.0,0.0,0.0,,0.0,0.0,0.0,,0.0,0.0,0.0,
layer=51|op=FLASH_ATTN_EXT|family=FLASH_ATTN_EXT,51,FLASH_ATTN_EXT,FLASH_ATTN_EXT,False,1,0.077167,0.0755998,0.0776084,0.014745646680181421,0.074958,0.0735248,0.0756338,0.0143470374858863,0.020083,0.0198664,0.0207332,0.019488691566182152,1073664.0,1073664.0,1073664.0,0.0,24576.0,24576.0,24576.0,0.0,0.0,0.0,0.0,,0.0,0.0,0.0,,0.0,0.0,0.0,,0.0,0.0,0.0,
layer=51|op=GLU|family=GLU,51,GLU,GLU,False,1,0.182458,0.0466498,0.1842418,0.5207311214951887,0.179749,0.045092,0.1804004,0.5244742198796318,0.180958,0.0444834,0.1823668,0.5300793811818275,139264.0,139264.0,139264.0,0.0,69632.0,69632.0,69632.0,0.0,0.0,0.0,0.0,,0.0,0.0,0.0,,0.0,0.0,0.0,,0.0,0.0,0.0,
layer=51|op=MUL_MAT|family=MUL_MAT,51,MUL_MAT,MUL_MAT,False,1,1.613583,1.6122496,1.654008,0.0123237560613747,1.608041,1.6071331999999998,1.6462832,0.01164572957443639,0.11525,0.1068332,0.1446416,0.13834573961656316,8867840.0,8867840.0,8867840.0,0.0,20480.0,20480.0,20480.0,0.0,8847360.0,8847360.0,8847360.0,0.0,16711680.0,16711680.0,16711680.0,0.0,1.597209,1.5915332,1.6355250000000001,0.012755088447653074,0.0,0.0,0.0,
layer=51|op=MUL|family=MUL,51,MUL,MUL,False,1,0.005709,0.0053082,0.0159,0.5277002605247387,0.004834,0.004458,0.0149504,0.577425763870167,0.003667,0.0036414,0.0148168,0.6735945019746801,49152.0,49152.0,49152.0,0.0,24576.0,24576.0,24576.0,0.0,0.0,0.0,0.0,,0.0,0.0,0.0,,0.0,0.0,0.0,,0.0,0.0,0.0,
layer=51|op=RMS_NORM|family=fused:RMS_NORM,51,RMS_NORM,fused:RMS_NORM,True,2,0.0119795,0.0113793,0.0186791,0.24044973020053037,0.0109585,0.010216600000000001,0.016696000000000003,0.23411228449683733,0.010354,0.0099168,0.0121998,0.11517182205875298,20480.0,20480.0,20480.0,0.0,20480.0,20480.0,20480.0,0.0,0.0,0.0,0.0,,0.0,0.0,0.0,,0.0,0.0,0.0,,0.0,0.0,0.0,
layer=51|op=ROPE|family=ROPE,51,ROPE,ROPE,False,1,0.013416500000000001,0.0130585,0.0138289,0.026480947335618808,0.011396,0.0112084,0.0115164,0.013018248740204625,0.0087915,0.0080917,0.0094499,0.069488559935482,14352.0,14352.0,14352.0,0.0,14336.0,14336.0,14336.0,0.0,0.0,0.0,0.0,,0.0,0.0,0.0,,0.0,0.0,0.0,,0.0,0.0,0.0,
layer=51|op=UNARY|family=UNARY,51,UNARY,UNARY,False,1,0.058958,0.057675000000000004,0.21935839999999998,0.6442413018706109,0.058,0.0569334,0.21825,0.6479551363288183,0.055833,0.0556084,0.21777500000000002,0.6587543267805489,24576.0,24576.0,24576.0,0.0,24576.0,24576.0,24576.0,0.0,0.0,0.0,0.0,,0.0,0.0,0.0,,0.0,0.0,0.0,,0.0,0.0,0.0,
layer=52|op=ADD|family=ADD,52,ADD,ADD,False,1,0.010771,0.0104419,0.0140291,0.1688934747984971,0.009417,0.0089499,0.0126332,0.1879584034308817,0.008812500000000001,0.0080126,0.012020600000000001,0.2387870968119369,40960.0,40960.0,40960.0,0.0,20480.0,20480.0,20480.0,0.0,0.0,0.0,0.0,,0.0,0.0,0.0,,0.0,0.0,0.0,,0.0,0.0,0.0,
layer=52|op=CONCAT|family=CONCAT,52,CONCAT,CONCAT,False,1,0.218792,0.0876416,0.2201918,0.38751008194607695,0.217042,0.086591,0.21757500000000002,0.3880756314895397,0.217,0.0857248,0.2186418,0.39230511539637436,163840.0,163840.0,163840.0,0.0,163840.0,163840.0,163840.0,0.0,0.0,0.0,0.0,,0.0,0.0,0.0,,0.0,0.0,0.0,,0.0,0.0,0.0,
layer=52|op=GATED_DELTA_NET|family=GATED_DELTA_NET,52,GATED_DELTA_NET,GATED_DELTA_NET,False,1,1.118583,1.0689084,1.1524418,0.03348749146096401,1.113792,1.063433,1.1446417999999998,0.032836719784390275,0.104792,0.0893166,0.2372664,0.45560773958586864,3187072.0,3187072.0,3187072.0,0.0,3170304.0,3170304.0,3170304.0,0.0,0.0,0.0,0.0,,0.0,0.0,0.0,,0.0,0.0,0.0,,0.0,0.0,0.0,
layer=52|op=GET_ROWS|family=GET_ROWS,52,GET_ROWS,GET_ROWS,False,1,0.036166,0.0244998,0.0379998,0.1935269299924114,0.035041,0.023142,0.0362498,0.19953955838185625,0.0345,0.02355,0.037058,0.1978861675193603,122884.0,122884.0,122884.0,0.0,122880.0,122880.0,122880.0,0.0,0.0,0.0,0.0,,0.0,0.0,0.0,,0.0,0.0,0.0,,0.0,0.0,0.0,
layer=52|op=GLU|family=GLU,52,GLU,GLU,False,1,0.047541,0.0470414,0.15159140000000002,0.6182570507485068,0.046375,0.0456914,0.13745780000000002,0.6611060860588568,0.045417,0.0445416,0.14925,0.6347231144843891,139264.0,139264.0,139264.0,0.0,69632.0,69632.0,69632.0,0.0,0.0,0.0,0.0,,0.0,0.0,0.0,,0.0,0.0,0.0,,0.0,0.0,0.0,
layer=52|op=L2_NORM|family=L2_NORM,52,L2_NORM,L2_NORM,False,1,0.006229,0.0059997,0.006329100000000001,0.02546568548107004,0.0048955000000000005,0.0047583,0.0050792,0.029802814704884946,0.004,0.003921,0.0041165,0.02262332664814358,8192.0,8192.0,8192.0,0.0,8192.0,8192.0,8192.0,0.0,0.0,0.0,0.0,,0.0,0.0,0.0,,0.0,0.0,0.0,,0.0,0.0,0.0,
layer=52|op=MUL_MAT|family=MUL_MAT,52,MUL_MAT,MUL_MAT,False,1,2.284916,2.2769078,2.303717,0.0055149885857022265,2.280125,2.2709082,2.2978502,0.005570278827394917,0.162875,0.14573339999999999,0.175558,0.08287735394114985,12554240.0,12554240.0,12554240.0,0.0,24576.0,24576.0,24576.0,0.0,12533760.0,12533760.0,12533760.0,0.0,23674880.0,23674880.0,23674880.0,0.0,2.2645,2.2544166,2.2721999999999998,0.0035631071893059796,0.0,0.0,0.0,
layer=52|op=MUL|family=MUL,52,MUL,MUL,False,1,0.003167,0.0028086,0.0032752,0.07032100360495509,0.001959,0.0017002,0.0020334,0.08082748035628214,0.001875,0.0016836,0.0019664,0.07608799938773238,384.0,384.0,384.0,0.0,192.0,192.0,192.0,0.0,0.0,0.0,0.0,,0.0,0.0,0.0,,0.0,0.0,0.0,,0.0,0.0,0.0,
layer=52|op=RMS_NORM|family=fused:RMS_NORM,52,RMS_NORM,fused:RMS_NORM,True,2,0.051416,0.026525200000000002,0.0523,0.3623829584366487,0.031374,0.0170584,0.0422918,0.38076921687265436,0.033,0.0174668,0.0508584,0.43703857414259994,20480.0,20480.0,20480.0,0.0,20480.0,20480.0,20480.0,0.0,0.0,0.0,0.0,,0.0,0.0,0.0,,0.0,0.0,0.0,,0.0,0.0,0.0,
layer=52|op=SSM_CONV|family=SSM_CONV,52,SSM_CONV,SSM_CONV,False,1,0.04375,0.0405834,0.045433799999999996,0.05053175018430177,0.042708,0.0393164,0.0442418,0.05306190011991102,0.014208,0.0129916,0.0167582,0.11431334877738708,327680.0,327680.0,327680.0,0.0,40960.0,40960.0,40960.0,0.0,0.0,0.0,0.0,,0.0,0.0,0.0,,0.0,0.0,0.0,,0.0,0.0,0.0,
layer=52|op=UNARY|family=UNARY,52,UNARY,UNARY,False,1,0.004375,0.004216999999999999,0.0046668,0.04587605953001473,0.003375,0.0031752,0.0036502,0.0654324474603718,0.003083,0.0027084,0.0033666,0.09918637288722584,192.0,192.0,192.0,0.0,192.0,192.0,192.0,0.0,0.0,0.0,0.0,,0.0,0.0,0.0,,0.0,0.0,0.0,,0.0,0.0,0.0,
layer=53|op=ADD|family=ADD,53,ADD,ADD,False,1,0.010458499999999999,0.0097125,0.0166249,0.3335724376881657,0.0093125,0.0087124,0.014974900000000003,0.3376059156025137,0.008667000000000001,0.0075956999999999995,0.014862400000000001,0.421733880155228,40960.0,40960.0,40960.0,0.0,20480.0,20480.0,20480.0,0.0,0.0,0.0,0.0,,0.0,0.0,0.0,,0.0,0.0,0.0,,0.0,0.0,0.0,
layer=53|op=CONCAT|family=CONCAT,53,CONCAT,CONCAT,False,1,0.088167,0.08779179999999999,0.1680082,0.46040958144949606,0.086792,0.08645839999999999,0.1657164,0.46329894403005234,0.086709,0.0859084,0.166583,0.4685776076775594,163840.0,163840.0,163840.0,0.0,163840.0,163840.0,163840.0,0.0,0.0,0.0,0.0,,0.0,0.0,0.0,,0.0,0.0,0.0,,0.0,0.0,0.0,
layer=53|op=GATED_DELTA_NET|family=GATED_DELTA_NET,53,GATED_DELTA_NET,GATED_DELTA_NET,False,1,1.146667,1.0932004,1.187425,0.037872307368832056,1.140416,1.0875918,1.1789754000000001,0.03716748444163691,0.183334,0.07917479999999999,0.21881679999999998,0.4067984358560275,3187072.0,3187072.0,3187072.0,0.0,3170304.0,3170304.0,3170304.0,0.0,0.0,0.0,0.0,,0.0,0.0,0.0,,0.0,0.0,0.0,,0.0,0.0,0.0,
layer=53|op=GET_ROWS|family=GET_ROWS,53,GET_ROWS,GET_ROWS,False,1,0.023708,0.023225,0.0336836,0.22229803274773183,0.022375,0.022,0.03215,0.2297141487260322,0.022584,0.022317,0.0328002,0.2308635263297661,122884.0,122884.0,122884.0,0.0,122880.0,122880.0,122880.0,0.0,0.0,0.0,0.0,,0.0,0.0,0.0,,0.0,0.0,0.0,,0.0,0.0,0.0,
layer=53|op=GLU|family=GLU,53,GLU,GLU,False,1,0.047292,0.0466004,0.12741639999999999,0.7224993956823264,0.046167,0.0453086,0.1249832,0.7282383683526273,0.045167,0.044383599999999995,0.12519999999999998,0.747393889306343,139264.0,139264.0,139264.0,0.0,69632.0,69632.0,69632.0,0.0,0.0,0.0,0.0,,0.0,0.0,0.0,,0.0,0.0,0.0,,0.0,0.0,0.0,
layer=53|op=L2_NORM|family=L2_NORM,53,L2_NORM,L2_NORM,False,1,0.0063750000000000005,0.0061125,0.0064958,0.03242952026938844,0.0049375,0.0048207,0.0051291,0.0280332759779877,0.0043125,0.0041669,0.0044834,0.0339353953066382,8192.0,8192.0,8192.0,0.0,8192.0,8192.0,8192.0,0.0,0.0,0.0,0.0,,0.0,0.0,0.0,,0.0,0.0,0.0,,0.0,0.0,0.0,
layer=53|op=MUL_MAT|family=MUL_MAT,53,MUL_MAT,MUL_MAT,False,1,2.284792,2.2769586,2.30095,0.004771019891087474,2.27725,2.2699249999999997,2.2950496,0.005042424548757642,0.166666,0.15745800000000001,0.1822328,0.06557320157266269,12554240.0,12554240.0,12554240.0,0.0,24576.0,24576.0,24576.0,0.0,12533760.0,12533760.0,12533760.0,0.0,23674880.0,23674880.0,23674880.0,0.0,2.267167,2.2586002,2.2728752,0.003220877087640192,0.0,0.0,0.0,
layer=53|op=MUL|family=MUL,53,MUL,MUL,False,1,0.003458,0.0029914,0.0034836,0.07297274448419806,0.002208,0.0017584,0.0024416,0.14298635935619075,0.001709,0.00155,0.001825,0.0740604626675069,384.0,384.0,384.0,0.0,192.0,192.0,192.0,0.0,0.0,0.0,0.0,,0.0,0.0,0.0,,0.0,0.0,0.0,,0.0,0.0,0.0,
layer=53|op=RMS_NORM|family=fused:RMS_NORM,53,RMS_NORM,fused:RMS_NORM,True,2,0.0475,0.0125922,0.0494496,0.515004484427454,0.031292,0.0112502,0.0351168,0.44838885849223636,0.022834,0.0111422,0.0283996,0.3807765352596101,20480.0,20480.0,20480.0,0.0,20480.0,20480.0,20480.0,0.0,0.0,0.0,0.0,,0.0,0.0,0.0,,0.0,0.0,0.0,,0.0,0.0,0.0,
layer=53|op=SSM_CONV|family=SSM_CONV,53,SSM_CONV,SSM_CONV,False,1,0.041375,0.0403252,0.042325,0.021440990032536973,0.039959,0.0392836,0.041241,0.021695032715892088,0.020125,0.019141599999999998,0.0206664,0.03918632504920842,327680.0,327680.0,327680.0,0.0,40960.0,40960.0,40960.0,0.0,0.0,0.0,0.0,,0.0,0.0,0.0,,0.0,0.0,0.0,,0.0,0.0,0.0,
layer=53|op=UNARY|family=UNARY,53,UNARY,UNARY,False,1,0.004666,0.0043334,0.0053418,0.094367871327528,0.0035,0.0032836,0.0037246000000000002,0.05574900017406738,0.003083,0.002892,0.0036831999999999998,0.11023855788684105,192.0,192.0,192.0,0.0,192.0,192.0,192.0,0.0,0.0,0.0,0.0,,0.0,0.0,0.0,,0.0,0.0,0.0,,0.0,0.0,0.0,
layer=54|op=ADD|family=ADD,54,ADD,ADD,False,1,0.0102915,0.0095835,0.0128875,0.17325606880556518,0.0088335,0.008429200000000001,0.0117543,0.19826052222436866,0.0075415,0.0074833,0.0110165,0.2423631090441407,40960.0,40960.0,40960.0,0.0,20480.0,20480.0,20480.0,0.0,0.0,0.0,0.0,,0.0,0.0,0.0,,0.0,0.0,0.0,,0.0,0.0,0.0,
layer=54|op=CONCAT|family=CONCAT,54,CONCAT,CONCAT,False,1,0.088708,0.08744959999999999,0.1681664,0.45906542719523535,0.08725,0.0865164,0.1662578,0.46027705448742495,0.086583,0.0860164,0.16601680000000002,0.46907422573629776,163840.0,163840.0,163840.0,0.0,163840.0,163840.0,163840.0,0.0,0.0,0.0,0.0,,0.0,0.0,0.0,,0.0,0.0,0.0,,0.0,0.0,0.0,
layer=54|op=GATED_DELTA_NET|family=GATED_DELTA_NET,54,GATED_DELTA_NET,GATED_DELTA_NET,False,1,1.1315,1.0942749999999999,1.1698,0.029318103424118436,1.124292,1.0882496,1.162633,0.029021728635703237,0.164667,0.1487754,0.2116248,0.1602254331968265,3187072.0,3187072.0,3187072.0,0.0,3170304.0,3170304.0,3170304.0,0.0,0.0,0.0,0.0,,0.0,0.0,0.0,,0.0,0.0,0.0,,0.0,0.0,0.0,
layer=54|op=GET_ROWS|family=GET_ROWS,54,GET_ROWS,GET_ROWS,False,1,0.025417,0.0248672,0.38860800000000006,1.6146841636386655,0.02425,0.0236088,0.032715999999999995,0.18437073668764542,0.024584,0.0239246,0.3868500000000001,1.624378686961096,122884.0,122884.0,122884.0,0.0,122880.0,122880.0,122880.0,0.0,0.0,0.0,0.0,,0.0,0.0,0.0,,0.0,0.0,0.0,,0.0,0.0,0.0,
layer=54|op=GLU|family=GLU,54,GLU,GLU,False,1,0.047542,0.0467748,0.13398360000000004,0.7506347060066729,0.045583,0.0453164,0.0487,0.04025468136257888,0.045292,0.0445502,0.13165860000000001,0.7769765816279224,139264.0,139264.0,139264.0,0.0,69632.0,69632.0,69632.0,0.0,0.0,0.0,0.0,,0.0,0.0,0.0,,0.0,0.0,0.0,,0.0,0.0,0.0,
layer=54|op=L2_NORM|family=L2_NORM,54,L2_NORM,L2_NORM,False,1,0.006396499999999999,0.0060333,0.0066205000000000005,0.04176738977994315,0.0049585,0.0049205,0.0050585,0.01282573276826017,0.0039795,0.0039541,0.004779,0.0951682724499884,8192.0,8192.0,8192.0,0.0,8192.0,8192.0,8192.0,0.0,0.0,0.0,0.0,,0.0,0.0,0.0,,0.0,0.0,0.0,,0.0,0.0,0.0,
layer=54|op=MUL_MAT|family=MUL_MAT,54,MUL_MAT,MUL_MAT,False,1,2.290333,2.2825168000000002,2.3175749999999997,0.006962144634030609,2.283375,2.275417,2.3129752,0.007485047831637462,0.176125,0.15644180000000002,0.1772752,0.06126645747616065,12554240.0,12554240.0,12554240.0,0.0,24576.0,24576.0,24576.0,0.0,12533760.0,12533760.0,12533760.0,0.0,23674880.0,23674880.0,23674880.0,0.0,2.268292,2.2588248,2.297558,0.007701958739885042,0.0,0.0,0.0,
layer=54|op=MUL|family=MUL,54,MUL,MUL,False,1,0.00325,0.0031838,0.0034248,0.03292190327161411,0.002083,0.0019754,0.002375,0.08400219684936695,0.001834,0.001833,0.0018996,0.0178141565942728,384.0,384.0,384.0,0.0,192.0,192.0,192.0,0.0,0.0,0.0,0.0,,0.0,0.0,0.0,,0.0,0.0,0.0,,0.0,0.0,0.0,
layer=54|op=RMS_NORM|family=fused:RMS_NORM,54,RMS_NORM,fused:RMS_NORM,True,2,0.044375,0.0124914,0.0538664,0.5362345800185836,0.013584,0.011624599999999999,0.0322336,0.4812134420145997,0.026584,0.0115584,0.0509746,0.583197161842642,20480.0,20480.0,20480.0,0.0,20480.0,20480.0,20480.0,0.0,0.0,0.0,0.0,,0.0,0.0,0.0,,0.0,0.0,0.0,,0.0,0.0,0.0,
layer=54|op=SSM_CONV|family=SSM_CONV,54,SSM_CONV,SSM_CONV,False,1,0.039875,0.0386498,0.043166,0.050495439223253065,0.038167,0.0371502,0.041683000000000005,0.052558907258074966,0.017125,0.0156248,0.0181912,0.0673836262426795,327680.0,327680.0,327680.0,0.0,40960.0,40960.0,40960.0,0.0,0.0,0.0,0.0,,0.0,0.0,0.0,,0.0,0.0,0.0,,0.0,0.0,0.0,
layer=54|op=UNARY|family=UNARY,54,UNARY,UNARY,False,1,0.004375,0.0041834,0.0047666,0.05910480978276777,0.003334,0.0031004,0.003775,0.08857000482593631,0.002958,0.0028914,0.0030252,0.019983369468098696,192.0,192.0,192.0,0.0,192.0,192.0,192.0,0.0,0.0,0.0,0.0,,0.0,0.0,0.0,,0.0,0.0,0.0,,0.0,0.0,0.0,
layer=55|op=ADD|family=ADD,55,ADD,ADD,False,1,0.010979,0.010383199999999999,0.020745899999999998,0.3398231310132957,0.0096455,0.0091168,0.0182333,0.3380742797921807,0.008937500000000001,0.0089249,0.018737900000000002,0.37358383310534865,40960.0,40960.0,40960.0,0.0,20480.0,20480.0,20480.0,0.0,0.0,0.0,0.0,,0.0,0.0,0.0,,0.0,0.0,0.0,,0.0,0.0,0.0,
layer=55|op=CONT|family=CONT,55,CONT,CONT,False,1,0.008833,0.0084584,0.009008200000000001,0.02823555726167898,0.007333,0.006991,0.0073586,0.030245937006913023,0.005084,0.0047166000000000005,0.0052998,0.05298610903458891,48128.0,48128.0,48128.0,0.0,24576.0,24576.0,24576.0,0.0,0.0,0.0,0.0,,0.0,0.0,0.0,,0.0,0.0,0.0,,0.0,0.0,0.0,
layer=55|op=FLASH_ATTN_EXT|family=FLASH_ATTN_EXT,55,FLASH_ATTN_EXT,FLASH_ATTN_EXT,False,1,0.077459,0.0757168,0.0784248,0.01591830257648619,0.075167,0.0741336,0.0761086,0.011597147982450325,0.020542,0.0203252,0.0219414,0.03738119952710807,1073664.0,1073664.0,1073664.0,0.0,24576.0,24576.0,24576.0,0.0,0.0,0.0,0.0,,0.0,0.0,0.0,,0.0,0.0,0.0,,0.0,0.0,0.0,
layer=55|op=GLU|family=GLU,55,GLU,GLU,False,1,0.047458,0.0467836,0.184267,0.6593144506809836,0.04625,0.045641799999999996,0.18137540000000002,0.6631379092794277,0.045875,0.044217,0.1817588,0.6737073947759229,139264.0,139264.0,139264.0,0.0,69632.0,69632.0,69632.0,0.0,0.0,0.0,0.0,,0.0,0.0,0.0,,0.0,0.0,0.0,,0.0,0.0,0.0,
layer=55|op=MUL_MAT|family=MUL_MAT,55,MUL_MAT,MUL_MAT,False,1,1.662791,1.6220168,1.8680336,0.0702832816188793,1.656459,1.6145918000000001,1.7407504,0.03346527120536624,0.117375,0.1016502,0.1819498,0.27455892757861217,8867840.0,8867840.0,8867840.0,0.0,20480.0,20480.0,20480.0,0.0,8847360.0,8847360.0,8847360.0,0.0,16711680.0,16711680.0,16711680.0,0.0,1.624,1.6037332,1.7283584,0.03453986233011885,0.0,0.0,0.0,
layer=55|op=MUL|family=MUL,55,MUL,MUL,False,1,0.005625,0.0053,0.012933200000000002,0.5994035201245473,0.004792,0.0042832,0.011708,0.67421125229667,0.003958,0.0036162,0.011425000000000001,0.7726443223311773,49152.0,49152.0,49152.0,0.0,24576.0,24576.0,24576.0,0.0,0.0,0.0,0.0,,0.0,0.0,0.0,,0.0,0.0,0.0,,0.0,0.0,0.0,
layer=55|op=RMS_NORM|family=fused:RMS_NORM,55,RMS_NORM,fused:RMS_NORM,True,2,0.011896,0.0112125,0.027087200000000006,0.5584458614682805,0.010979,0.0101291,0.016395899999999998,0.25164400370428175,0.010354,0.0098919,0.023370800000000004,0.6013466971649792,20480.0,20480.0,20480.0,0.0,20480.0,20480.0,20480.0,0.0,0.0,0.0,0.0,,0.0,0.0,0.0,,0.0,0.0,0.0,,0.0,0.0,0.0,
layer=55|op=ROPE|family=ROPE,55,ROPE,ROPE,False,1,0.014313,0.013817000000000001,0.0164417,0.10083399253319611,0.0120625,0.011391499999999999,0.0124127,0.041799724066659175,0.009041500000000001,0.0087876,0.0101212,0.06734965278862091,14352.0,14352.0,14352.0,0.0,14336.0,14336.0,14336.0,0.0,0.0,0.0,0.0,,0.0,0.0,0.0,,0.0,0.0,0.0,,0.0,0.0,0.0,
layer=55|op=UNARY|family=UNARY,55,UNARY,UNARY,False,1,0.057959,0.057600000000000005,0.1550834,0.7174442118081462,0.057291,0.0566582,0.1539172,0.7230516319275339,0.055917,0.0557002,0.15315860000000003,0.7343007751639622,24576.0,24576.0,24576.0,0.0,24576.0,24576.0,24576.0,0.0,0.0,0.0,0.0,,0.0,0.0,0.0,,0.0,0.0,0.0,,0.0,0.0,0.0,
layer=56|op=ADD|family=ADD,56,ADD,ADD,False,1,0.0114585,0.010433399999999999,0.0198457,0.3062513952302178,0.010624999999999999,0.0092208,0.0181207,0.31520366481371,0.0098125,0.0082041,0.018129,0.3691197657916338,40960.0,40960.0,40960.0,0.0,20480.0,20480.0,20480.0,0.0,0.0,0.0,0.0,,0.0,0.0,0.0,,0.0,0.0,0.0,,0.0,0.0,0.0,
layer=56|op=CONCAT|family=CONCAT,56,CONCAT,CONCAT,False,1,0.088583,0.0880918,0.16825859999999998,0.4589891240112585,0.087041,0.08695019999999999,0.1661088,0.45974934318883787,0.086625,0.08616679999999999,0.16644140000000002,0.4699089968724042,163840.0,163840.0,163840.0,0.0,163840.0,163840.0,163840.0,0.0,0.0,0.0,0.0,,0.0,0.0,0.0,,0.0,0.0,0.0,,0.0,0.0,0.0,
layer=56|op=GATED_DELTA_NET|family=GATED_DELTA_NET,56,GATED_DELTA_NET,GATED_DELTA_NET,False,1,1.09875,1.0614413999999999,1.1679168,0.046931271696578514,1.092459,1.0560246,1.1592422,0.04558102400149086,0.114667,0.09135,0.19554120000000003,0.4447560439787698,3187072.0,3187072.0,3187072.0,0.0,3170304.0,3170304.0,3170304.0,0.0,0.0,0.0,0.0,,0.0,0.0,0.0,,0.0,0.0,0.0,,0.0,0.0,0.0,
layer=56|op=GET_ROWS|family=GET_ROWS,56,GET_ROWS,GET_ROWS,False,1,0.025167,0.0240162,0.033874800000000004,0.20493480681687287,0.023875,0.022990999999999998,0.0316336,0.2033914940289346,0.023208,0.0226578,0.0324082,0.21611733357186597,122884.0,122884.0,122884.0,0.0,122880.0,122880.0,122880.0,0.0,0.0,0.0,0.0,,0.0,0.0,0.0,,0.0,0.0,0.0,,0.0,0.0,0.0,
layer=56|op=GLU|family=GLU,56,GLU,GLU,False,1,0.09575,0.0466668,0.18189160000000001,0.5504657933445818,0.052001,0.0454086,0.1442754,0.6128204047269772,0.094291,0.044599799999999995,0.1797,0.5602763277486396,139264.0,139264.0,139264.0,0.0,69632.0,69632.0,69632.0,0.0,0.0,0.0,0.0,,0.0,0.0,0.0,,0.0,0.0,0.0,,0.0,0.0,0.0,
layer=56|op=L2_NORM|family=L2_NORM,56,L2_NORM,L2_NORM,False,1,0.0061045000000000006,0.0058875,0.0062124,0.024607198889264697,0.004854,0.0047164,0.0049709,0.02367615038559018,0.0038955,0.0037876,0.0041957,0.04690539457548666,8192.0,8192.0,8192.0,0.0,8192.0,8192.0,8192.0,0.0,0.0,0.0,0.0,,0.0,0.0,0.0,,0.0,0.0,0.0,,0.0,0.0,0.0,
layer=56|op=MUL_MAT|family=MUL_MAT,56,MUL_MAT,MUL_MAT,False,1,2.289667,2.2828996,2.3328582,0.010017660025917913,2.284042,2.2769666,2.326575,0.00996285289573711,0.1795,0.1605166,0.2169164,0.1447377641800284,12554240.0,12554240.0,12554240.0,0.0,24576.0,24576.0,24576.0,0.0,12533760.0,12533760.0,12533760.0,0.0,23674880.0,23674880.0,23674880.0,0.0,2.268209,2.2621084,2.2994082000000002,0.007577315737083248,0.0,0.0,0.0,
layer=56|op=MUL|family=MUL,56,MUL,MUL,False,1,0.003083,0.0028078,0.0033004,0.07097693094914821,0.002,0.0018498,0.0021338,0.06275642132122175,0.001667,0.001541,0.0017332,0.052440465800981925,384.0,384.0,384.0,0.0,192.0,192.0,192.0,0.0,0.0,0.0,0.0,,0.0,0.0,0.0,,0.0,0.0,0.0,,0.0,0.0,0.0,
layer=56|op=RMS_NORM|family=fused:RMS_NORM,56,RMS_NORM,fused:RMS_NORM,True,2,0.043333,0.0121254,0.0516,0.5324714521753585,0.0265,0.011125,0.040658200000000005,0.5662532691364512,0.026083,0.0109584,0.0434918,0.5655821786936667,20480.0,20480.0,20480.0,0.0,20480.0,20480.0,20480.0,0.0,0.0,0.0,0.0,,0.0,0.0,0.0,,0.0,0.0,0.0,,0.0,0.0,0.0,
layer=56|op=SSM_CONV|family=SSM_CONV,56,SSM_CONV,SSM_CONV,False,1,0.040708,0.0397832,0.042025,0.024481294960882916,0.039375,0.0385252,0.0406002,0.024092271549547666,0.013958,0.0120252,0.0152164,0.10871330956741254,327680.0,327680.0,327680.0,0.0,40960.0,40960.0,40960.0,0.0,0.0,0.0,0.0,,0.0,0.0,0.0,,0.0,0.0,0.0,,0.0,0.0,0.0,
layer=56|op=UNARY|family=UNARY,56,UNARY,UNARY,False,1,0.004542,0.0042418,0.0050333999999999995,0.07730200172280735,0.003292,0.0031498,0.0038912,0.09724647737015048,0.003292,0.0029088,0.0034419999999999997,0.07827894356725092,192.0,192.0,192.0,0.0,192.0,192.0,192.0,0.0,0.0,0.0,0.0,,0.0,0.0,0.0,,0.0,0.0,0.0,,0.0,0.0,0.0,
layer=57|op=ADD|family=ADD,57,ADD,ADD,False,1,0.0100415,0.0096249,0.11821230000000002,1.5234231555648727,0.0087705,0.008683300000000001,0.0145082,0.2596643445077112,0.0083125,0.0077252,0.11532070000000001,1.5843128469980434,40960.0,40960.0,40960.0,0.0,20480.0,20480.0,20480.0,0.0,0.0,0.0,0.0,,0.0,0.0,0.0,,0.0,0.0,0.0,,0.0,0.0,0.0,
layer=57|op=CONCAT|family=CONCAT,57,CONCAT,CONCAT,False,1,0.088709,0.0878002,0.2207168,0.45941462660148635,0.087584,0.0865914,0.2177668,0.4598458782589548,0.087042,0.0863418,0.2190414,0.4642865800590982,163840.0,163840.0,163840.0,0.0,163840.0,163840.0,163840.0,0.0,0.0,0.0,0.0,,0.0,0.0,0.0,,0.0,0.0,0.0,,0.0,0.0,0.0,
layer=57|op=GATED_DELTA_NET|family=GATED_DELTA_NET,57,GATED_DELTA_NET,GATED_DELTA_NET,False,1,1.106833,1.0907672,1.133075,0.019373082624585182,1.101208,1.082217,1.1256088,0.019573129965294138,0.117417,0.0815002,0.2112,0.41881869563396446,3187072.0,3187072.0,3187072.0,0.0,3170304.0,3170304.0,3170304.0,0.0,0.0,0.0,0.0,,0.0,0.0,0.0,,0.0,0.0,0.0,,0.0,0.0,0.0,
layer=57|op=GET_ROWS|family=GET_ROWS,57,GET_ROWS,GET_ROWS,False,1,0.031,0.0233836,0.038482999999999996,0.2147130562671017,0.030041,0.022241999999999998,0.037133,0.22082183818424148,0.030209,0.022542,0.0376078,0.2205992733801386,122884.0,122884.0,122884.0,0.0,122880.0,122880.0,122880.0,0.0,0.0,0.0,0.0,,0.0,0.0,0.0,,0.0,0.0,0.0,,0.0,0.0,0.0,
layer=57|op=GLU|family=GLU,57,GLU,GLU,False,1,0.081959,0.0467914,0.18111639999999998,0.5703853914388602,0.051292,0.0455914,0.0585252,0.12529867238191797,0.080209,0.0442416,0.1789168,0.5833267730969106,139264.0,139264.0,139264.0,0.0,69632.0,69632.0,69632.0,0.0,0.0,0.0,0.0,,0.0,0.0,0.0,,0.0,0.0,0.0,,0.0,0.0,0.0,
layer=57|op=L2_NORM|family=L2_NORM,57,L2_NORM,L2_NORM,False,1,0.0063545,0.0062586000000000004,0.0064916,0.018554281360562145,0.004938,0.0049,0.0050586,0.014685587359807366,0.0040005,0.0038751000000000002,0.0040751,0.02277267180378747,8192.0,8192.0,8192.0,0.0,8192.0,8192.0,8192.0,0.0,0.0,0.0,0.0,,0.0,0.0,0.0,,0.0,0.0,0.0,,0.0,0.0,0.0,
layer=57|op=MUL_MAT|family=MUL_MAT,57,MUL_MAT,MUL_MAT,False,1,2.28875,2.2831416,2.3213164,0.009376187245883152,2.281208,2.2786668,2.3162412,0.009244822880128484,0.178375,0.170192,0.22686679999999998,0.16036149092610824,12554240.0,12554240.0,12554240.0,0.0,24576.0,24576.0,24576.0,0.0,12533760.0,12533760.0,12533760.0,0.0,23674880.0,23674880.0,23674880.0,0.0,2.270584,2.2635912,2.3026336,0.009483939013760052,0.0,0.0,0.0,
layer=57|op=MUL|family=MUL,57,MUL,MUL,False,1,0.003042,0.002925,0.0032168,0.04263126945564159,0.002042,0.001925,0.002167,0.053682914115325484,0.001583,0.0014834,0.0016086,0.04653441916495938,384.0,384.0,384.0,0.0,192.0,192.0,192.0,0.0,0.0,0.0,0.0,,0.0,0.0,0.0,,0.0,0.0,0.0,,0.0,0.0,0.0,
layer=57|op=RMS_NORM|family=fused:RMS_NORM,57,RMS_NORM,fused:RMS_NORM,True,2,0.05125,0.0120916,0.0555004,0.5503846251338823,0.027333,0.010925,0.0431662,0.5535739289566366,0.032875,0.010975,0.051158,0.5679628995466554,20480.0,20480.0,20480.0,0.0,20480.0,20480.0,20480.0,0.0,0.0,0.0,0.0,,0.0,0.0,0.0,,0.0,0.0,0.0,,0.0,0.0,0.0,
layer=57|op=SSM_CONV|family=SSM_CONV,57,SSM_CONV,SSM_CONV,False,1,0.041,0.0389412,0.0420084,0.033860977344293254,0.039958,0.036899999999999995,0.0407082,0.04456825812977929,0.0165,0.0152082,0.018490999999999997,0.08699265140259237,327680.0,327680.0,327680.0,0.0,40960.0,40960.0,40960.0,0.0,0.0,0.0,0.0,,0.0,0.0,0.0,,0.0,0.0,0.0,,0.0,0.0,0.0,
layer=57|op=UNARY|family=UNARY,57,UNARY,UNARY,False,1,0.004458,0.0043918,0.0047166,0.03615215649808683,0.003333,0.0031084,0.0034586,0.048173622325611086,0.002917,0.0027912,0.0030246,0.039378530293552906,192.0,192.0,192.0,0.0,192.0,192.0,192.0,0.0,0.0,0.0,0.0,,0.0,0.0,0.0,,0.0,0.0,0.0,,0.0,0.0,0.0,
layer=58|op=ADD|family=ADD,58,ADD,ADD,False,1,0.0110205,0.010591699999999999,0.018762499999999998,0.29063002226750256,0.0096455,0.0092834,0.0169836,0.30914614027484544,0.009146000000000001,0.0081081,0.016541900000000002,0.35077796877359524,40960.0,40960.0,40960.0,0.0,20480.0,20480.0,20480.0,0.0,0.0,0.0,0.0,,0.0,0.0,0.0,,0.0,0.0,0.0,,0.0,0.0,0.0,
layer=58|op=CONCAT|family=CONCAT,58,CONCAT,CONCAT,False,1,0.088917,0.0885666,0.1839422,0.5247311589327509,0.087042,0.08672479999999999,0.1682672,0.472543293130889,0.08725,0.0860002,0.18165820000000002,0.5331089100274389,163840.0,163840.0,163840.0,0.0,163840.0,163840.0,163840.0,0.0,0.0,0.0,0.0,,0.0,0.0,0.0,,0.0,0.0,0.0,,0.0,0.0,0.0,
layer=58|op=GATED_DELTA_NET|family=GATED_DELTA_NET,58,GATED_DELTA_NET,GATED_DELTA_NET,False,1,1.117667,1.078625,1.1771336,0.03856408528194523,1.111542,1.0724504,1.170392,0.03856658913304387,0.199,0.1597334,0.2555914,0.2157544249669388,3187072.0,3187072.0,3187072.0,0.0,3170304.0,3170304.0,3170304.0,0.0,0.0,0.0,0.0,,0.0,0.0,0.0,,0.0,0.0,0.0,,0.0,0.0,0.0,
layer=58|op=GET_ROWS|family=GET_ROWS,58,GET_ROWS,GET_ROWS,False,1,0.024458,0.023183,0.032984,0.21057009399356844,0.023416,0.022033399999999998,0.024191400000000002,0.04168689307966917,0.022958,0.0220998,0.0319918,0.22819832871127022,122884.0,122884.0,122884.0,0.0,122880.0,122880.0,122880.0,0.0,0.0,0.0,0.0,,0.0,0.0,0.0,,0.0,0.0,0.0,,0.0,0.0,0.0,
layer=58|op=GLU|family=GLU,58,GLU,GLU,False,1,0.048042,0.0470418,0.1820582,0.6514047868827116,0.046583,0.045649999999999996,0.179033,0.6570000019964392,0.04475,0.044191799999999996,0.1793502,0.672069962630676,139264.0,139264.0,139264.0,0.0,69632.0,69632.0,69632.0,0.0,0.0,0.0,0.0,,0.0,0.0,0.0,,0.0,0.0,0.0,,0.0,0.0,0.0,
layer=58|op=L2_NORM|family=L2_NORM,58,L2_NORM,L2_NORM,False,1,0.0063335,0.0061125,0.0064544,0.024792118431069793,0.004979,0.0048205,0.0050333,0.0200504424163338,0.0041665,0.0039749,0.0043958,0.045368240385370476,8192.0,8192.0,8192.0,0.0,8192.0,8192.0,8192.0,0.0,0.0,0.0,0.0,,0.0,0.0,0.0,,0.0,0.0,0.0,,0.0,0.0,0.0,
layer=58|op=MUL_MAT|family=MUL_MAT,58,MUL_MAT,MUL_MAT,False,1,2.301667,2.2761418,2.3213085999999996,0.009550505258225803,2.295417,2.2715836,2.315309,0.009330199157006796,0.203334,0.181459,0.21295840000000002,0.07344760147340908,12554240.0,12554240.0,12554240.0,0.0,24576.0,24576.0,24576.0,0.0,12533760.0,12533760.0,12533760.0,0.0,23674880.0,23674880.0,23674880.0,0.0,2.275625,2.256933,2.2879082,0.006558931426195494,0.0,0.0,0.0,
layer=58|op=MUL|family=MUL,58,MUL,MUL,False,1,0.003541,0.003025,0.003692,0.09224553514574706,0.002,0.0018830000000000001,0.0023752,0.11654128351252069,0.001708,0.0015914,0.0021086,0.1288288980354848,384.0,384.0,384.0,0.0,192.0,192.0,192.0,0.0,0.0,0.0,0.0,,0.0,0.0,0.0,,0.0,0.0,0.0,,0.0,0.0,0.0,
layer=58|op=RMS_NORM|family=fused:RMS_NORM,58,RMS_NORM,fused:RMS_NORM,True,2,0.05125,0.027183200000000005,0.0964002,0.5245014234625692,0.016168,0.011366600000000001,0.030008600000000003,0.44292810046811926,0.031666,0.0190334,0.0851668,0.6678018978916151,20480.0,20480.0,20480.0,0.0,20480.0,20480.0,20480.0,0.0,0.0,0.0,0.0,,0.0,0.0,0.0,,0.0,0.0,0.0,,0.0,0.0,0.0,
layer=58|op=SSM_CONV|family=SSM_CONV,58,SSM_CONV,SSM_CONV,False,1,0.04325,0.0407166,0.043649999999999994,0.03272368530371077,0.041792,0.0396168,0.042008800000000006,0.028439050895053528,0.015708,0.0147172,0.017108,0.06754925024752254,327680.0,327680.0,327680.0,0.0,40960.0,40960.0,40960.0,0.0,0.0,0.0,0.0,,0.0,0.0,0.0,,0.0,0.0,0.0,,0.0,0.0,0.0,
layer=58|op=UNARY|family=UNARY,58,UNARY,UNARY,False,1,0.004667,0.004425,0.0047998,0.03602164757794071,0.003625,0.0033578,0.0037168,0.04609805392750107,0.003042,0.0029502,0.0036336,0.09866951314991351,192.0,192.0,192.0,0.0,192.0,192.0,192.0,0.0,0.0,0.0,0.0,,0.0,0.0,0.0,,0.0,0.0,0.0,,0.0,0.0,0.0,
layer=59|op=ADD|family=ADD,59,ADD,ADD,False,1,0.011521,0.0109459,0.022779,0.35825369301518994,0.010374999999999999,0.0094877,0.0199796,0.35975512549288674,0.0096045,0.008737600000000002,0.021062499999999998,0.42370692776912217,40960.0,40960.0,40960.0,0.0,20480.0,20480.0,20480.0,0.0,0.0,0.0,0.0,,0.0,0.0,0.0,,0.0,0.0,0.0,,0.0,0.0,0.0,
layer=59|op=CONT|family=CONT,59,CONT,CONT,False,1,0.008541,0.0083254,0.0090584,0.03912288106350233,0.007083,0.007,0.0071836,0.012887550774070769,0.0045,0.0040914,0.005075,0.1030025466695101,48128.0,48128.0,48128.0,0.0,24576.0,24576.0,24576.0,0.0,0.0,0.0,0.0,,0.0,0.0,0.0,,0.0,0.0,0.0,,0.0,0.0,0.0,
layer=59|op=FLASH_ATTN_EXT|family=FLASH_ATTN_EXT,59,FLASH_ATTN_EXT,FLASH_ATTN_EXT,False,1,0.078084,0.075983,0.079375,0.019616883877959086,0.076125,0.0747502,0.0771172,0.014652501700644907,0.02075,0.0205998,0.0213998,0.018004242159985553,1073664.0,1073664.0,1073664.0,0.0,24576.0,24576.0,24576.0,0.0,0.0,0.0,0.0,,0.0,0.0,0.0,,0.0,0.0,0.0,,0.0,0.0,0.0,
layer=59|op=GLU|family=GLU,59,GLU,GLU,False,1,0.049166,0.0468666,0.1806914,0.6447586020414253,0.04675,0.0454998,0.1773332,0.6527584994911283,0.046375,0.044641,0.17858279999999999,0.6624262846192241,139264.0,139264.0,139264.0,0.0,69632.0,69632.0,69632.0,0.0,0.0,0.0,0.0,,0.0,0.0,0.0,,0.0,0.0,0.0,,0.0,0.0,0.0,
layer=59|op=MUL_MAT|family=MUL_MAT,59,MUL_MAT,MUL_MAT,False,1,1.648292,1.6110502,1.955159,0.11982305117958691,1.612375,1.6014329999999999,1.948167,0.12271521961875916,0.120667,0.1011422,0.1611332,0.2465991003420905,8867840.0,8867840.0,8867840.0,0.0,20480.0,20480.0,20480.0,0.0,8847360.0,8847360.0,8847360.0,0.0,16711680.0,16711680.0,16711680.0,0.0,1.601833,1.5908584,1.7508336,0.05487914851203955,0.0,0.0,0.0,
layer=59|op=MUL|family=MUL,59,MUL,MUL,False,1,0.005541,0.0052414,0.016508000000000002,0.5544285291357305,0.004666,0.004458,0.015400200000000001,0.5982776206128885,0.004,0.0037748,0.015300000000000001,0.6626857592896774,49152.0,49152.0,49152.0,0.0,24576.0,24576.0,24576.0,0.0,0.0,0.0,0.0,,0.0,0.0,0.0,,0.0,0.0,0.0,,0.0,0.0,0.0,
layer=59|op=RMS_NORM|family=fused:RMS_NORM,59,RMS_NORM,fused:RMS_NORM,True,2,0.014417,0.0117999,0.0174498,0.17008934246994184,0.0110835,0.0102875,0.0160747,0.210852169875848,0.0105415,0.0103165,0.0106747,0.01664621539991815,20480.0,20480.0,20480.0,0.0,20480.0,20480.0,20480.0,0.0,0.0,0.0,0.0,,0.0,0.0,0.0,,0.0,0.0,0.0,,0.0,0.0,0.0,
layer=59|op=ROPE|family=ROPE,59,ROPE,ROPE,False,1,0.013771,0.013470600000000001,0.016883600000000002,0.14396900863235573,0.011334,0.0112083,0.0133041,0.10414700733136847,0.009083,0.008804200000000002,0.0099875,0.06657464265613637,14352.0,14352.0,14352.0,0.0,14336.0,14336.0,14336.0,0.0,0.0,0.0,0.0,,0.0,0.0,0.0,,0.0,0.0,0.0,,0.0,0.0,0.0,
layer=59|op=UNARY|family=UNARY,59,UNARY,UNARY,False,1,0.058125,0.0579328,0.2200832,0.6462509430031218,0.057166,0.057125,0.2188748,0.6501967239686953,0.055875,0.0557668,0.2178164,0.6579760327246222,24576.0,24576.0,24576.0,0.0,24576.0,24576.0,24576.0,0.0,0.0,0.0,0.0,,0.0,0.0,0.0,,0.0,0.0,0.0,,0.0,0.0,0.0,
layer=5|op=ADD|family=ADD,5,ADD,ADD,False,1,0.010771,0.0101083,0.0212043,0.360881153283231,0.0095625,0.0087461,0.018725000000000002,0.3684211433710717,0.0085205,0.0077334000000000005,0.0193205,0.4374873017421869,40960.0,40960.0,40960.0,0.0,20480.0,20480.0,20480.0,0.0,0.0,0.0,0.0,,0.0,0.0,0.0,,0.0,0.0,0.0,,0.0,0.0,0.0,
layer=5|op=CONCAT|family=CONCAT,5,CONCAT,CONCAT,False,1,0.088125,0.08751679999999999,0.4105418,1.1003803248409891,0.086583,0.08636719999999999,0.0912658,0.035095769969748884,0.086208,0.08593379999999999,0.4081170000000001,1.1080126850783742,163840.0,163840.0,163840.0,0.0,163840.0,163840.0,163840.0,0.0,0.0,0.0,0.0,,0.0,0.0,0.0,,0.0,0.0,0.0,,0.0,0.0,0.0,
layer=5|op=GATED_DELTA_NET|family=GATED_DELTA_NET,5,GATED_DELTA_NET,GATED_DELTA_NET,False,1,1.101083,1.0681748,1.159975,0.03690753559193284,1.091458,1.0597830000000001,1.1533836,0.037916592539623255,0.161958,0.1079252,0.20291700000000001,0.2768089566750013,3187072.0,3187072.0,3187072.0,0.0,3170304.0,3170304.0,3170304.0,0.0,0.0,0.0,0.0,,0.0,0.0,0.0,,0.0,0.0,0.0,,0.0,0.0,0.0,
layer=5|op=GET_ROWS|family=GET_ROWS,5,GET_ROWS,GET_ROWS,False,1,0.024375,0.0233418,0.0261082,0.05055408228461799,0.023292,0.0222002,0.0245414,0.044354201134698894,0.023542,0.022383,0.0250334,0.05142358219256847,122884.0,122884.0,122884.0,0.0,122880.0,122880.0,122880.0,0.0,0.0,0.0,0.0,,0.0,0.0,0.0,,0.0,0.0,0.0,,0.0,0.0,0.0,
layer=5|op=GLU|family=GLU,5,GLU,GLU,False,1,0.047959,0.0469916,0.18585859999999998,0.6597748241315956,0.045917,0.0455586,0.1821164,0.6658916621380294,0.044917,0.0444168,0.18321679999999999,0.6779359671368294,139264.0,139264.0,139264.0,0.0,69632.0,69632.0,69632.0,0.0,0.0,0.0,0.0,,0.0,0.0,0.0,,0.0,0.0,0.0,,0.0,0.0,0.0,
layer=5|op=L2_NORM|family=L2_NORM,5,L2_NORM,L2_NORM,False,1,0.0061875,0.0059376,0.006867,0.06787522816400655,0.004750000000000001,0.0046502,0.0052457,0.055723479489668507,0.0040625,0.0036793000000000004,0.0045752,0.09622107224507696,8192.0,8192.0,8192.0,0.0,8192.0,8192.0,8192.0,0.0,0.0,0.0,0.0,,0.0,0.0,0.0,,0.0,0.0,0.0,,0.0,0.0,0.0,
layer=5|op=MUL_MAT|family=MUL_MAT,5,MUL_MAT,MUL_MAT,False,1,2.273584,2.2636914,2.3167666,0.010650631820636317,2.270417,2.2586416000000002,2.3108586,0.010404398701332746,0.171292,0.1609002,0.1908666,0.07948502582343113,12554240.0,12554240.0,12554240.0,0.0,24576.0,24576.0,24576.0,0.0,12533760.0,12533760.0,12533760.0,0.0,23674880.0,23674880.0,23674880.0,0.0,2.255541,2.2465998,2.2781086,0.006903997769121774,0.0,0.0,0.0,
layer=5|op=MUL|family=MUL,5,MUL,MUL,False,1,0.003208,0.0029502,0.0035088,0.07607781698437421,0.002083,0.001758,0.002425,0.15215685498515283,0.001791,0.0016330000000000001,0.0022002,0.15347793822810957,384.0,384.0,384.0,0.0,192.0,192.0,192.0,0.0,0.0,0.0,0.0,,0.0,0.0,0.0,,0.0,0.0,0.0,,0.0,0.0,0.0,
layer=5|op=RMS_NORM|family=fused:RMS_NORM,5,RMS_NORM,fused:RMS_NORM,True,2,0.01325,0.0124086,0.052467,0.6786923063877306,0.012083,0.011492200000000001,0.0443332,0.6429794836917427,0.011625,0.0108666,0.0490584,0.704297260234539,20480.0,20480.0,20480.0,0.0,20480.0,20480.0,20480.0,0.0,0.0,0.0,0.0,,0.0,0.0,0.0,,0.0,0.0,0.0,,0.0,0.0,0.0,
layer=5|op=SSM_CONV|family=SSM_CONV,5,SSM_CONV,SSM_CONV,False,1,0.041958,0.0403922,0.049142000000000005,0.0913888070238319,0.0395,0.0391918,0.0473586,0.09256139111021693,0.016292,0.015892200000000002,0.017150000000000002,0.03422130338414595,327680.0,327680.0,327680.0,0.0,40960.0,40960.0,40960.0,0.0,0.0,0.0,0.0,,0.0,0.0,0.0,,0.0,0.0,0.0,,0.0,0.0,0.0,
layer=5|op=UNARY|family=UNARY,5,UNARY,UNARY,False,1,0.00475,0.0042748000000000005,0.0171502,0.9610553415561582,0.003584,0.0032664,0.007966400000000002,0.5794737135676176,0.00275,0.0025754,0.015958200000000002,1.164466874402113,192.0,192.0,192.0,0.0,192.0,192.0,192.0,0.0,0.0,0.0,0.0,,0.0,0.0,0.0,,0.0,0.0,0.0,,0.0,0.0,0.0,
layer=60|op=ADD|family=ADD,60,ADD,ADD,False,1,0.0102495,0.0100126,0.0136665,0.19240601754713954,0.0088955,0.008787600000000001,0.0114,0.1705846461804604,0.0084995,0.0081959,0.0117416,0.23366787449722454,40960.0,40960.0,40960.0,0.0,20480.0,20480.0,20480.0,0.0,0.0,0.0,0.0,,0.0,0.0,0.0,,0.0,0.0,0.0,,0.0,0.0,0.0,
layer=60|op=CONCAT|family=CONCAT,60,CONCAT,CONCAT,False,1,0.088416,0.0879166,0.22075,0.46011973337230727,0.08675,0.08651679999999999,0.2174336,0.46127008918488677,0.087083,0.0862998,0.218908,0.46417184797924543,163840.0,163840.0,163840.0,0.0,163840.0,163840.0,163840.0,0.0,0.0,0.0,0.0,,0.0,0.0,0.0,,0.0,0.0,0.0,,0.0,0.0,0.0,
layer=60|op=GATED_DELTA_NET|family=GATED_DELTA_NET,60,GATED_DELTA_NET,GATED_DELTA_NET,False,1,1.146208,1.0730666,1.156692,0.03521767125570147,1.13975,1.06695,1.1476254,0.034684976141129115,0.151084,0.1051836,0.2185664,0.31246933905279967,3187072.0,3187072.0,3187072.0,0.0,3170304.0,3170304.0,3170304.0,0.0,0.0,0.0,0.0,,0.0,0.0,0.0,,0.0,0.0,0.0,,0.0,0.0,0.0,
layer=60|op=GET_ROWS|family=GET_ROWS,60,GET_ROWS,GET_ROWS,False,1,0.025416,0.0230328,0.036658199999999995,0.21723659069640613,0.024375,0.021741800000000002,0.035366999999999996,0.22574399021225383,0.023583,0.022241,0.035808,0.22881111930021772,122884.0,122884.0,122884.0,0.0,122880.0,122880.0,122880.0,0.0,0.0,0.0,0.0,,0.0,0.0,0.0,,0.0,0.0,0.0,,0.0,0.0,0.0,
layer=60|op=GLU|family=GLU,60,GLU,GLU,False,1,0.047834,0.0470332,0.048374600000000004,0.012769468168725104,0.045666,0.0455002,0.0462422,0.007819875611060229,0.045708,0.044783199999999995,0.0457752,0.010871287541011462,139264.0,139264.0,139264.0,0.0,69632.0,69632.0,69632.0,0.0,0.0,0.0,0.0,,0.0,0.0,0.0,,0.0,0.0,0.0,,0.0,0.0,0.0,
layer=60|op=L2_NORM|family=L2_NORM,60,L2_NORM,L2_NORM,False,1,0.0062915,0.006004300000000001,0.006575,0.04011631226880896,0.004958499999999999,0.0047710999999999995,0.0051586,0.03761479668506384,0.0042915,0.0038417,0.0043123,0.05704485065579884,8192.0,8192.0,8192.0,0.0,8192.0,8192.0,8192.0,0.0,0.0,0.0,0.0,,0.0,0.0,0.0,,0.0,0.0,0.0,,0.0,0.0,0.0,
layer=60|op=MUL_MAT|family=MUL_MAT,60,MUL_MAT,MUL_MAT,False,1,2.2785,2.2608748,2.2818166,0.004251667319006095,2.27475,2.2569079999999997,2.2750498,0.0038544514837918734,0.161959,0.157367,0.1788084,0.05842447194036257,12554240.0,12554240.0,12554240.0,0.0,24576.0,24576.0,24576.0,0.0,12533760.0,12533760.0,12533760.0,0.0,23674880.0,23674880.0,23674880.0,0.0,2.25775,2.246217,2.2632581999999997,0.00335632824562917,0.0,0.0,0.0,
layer=60|op=MUL|family=MUL,60,MUL,MUL,False,1,0.003,0.0028332,0.0032168,0.05754877246011309,0.002083,0.0018662,0.0022,0.0731153275304856,0.001625,0.0015336,0.001783,0.06874661691317202,384.0,384.0,384.0,0.0,192.0,192.0,192.0,0.0,0.0,0.0,0.0,,0.0,0.0,0.0,,0.0,0.0,0.0,,0.0,0.0,0.0,
layer=60|op=RMS_NORM|family=fused:RMS_NORM,60,RMS_NORM,fused:RMS_NORM,True,2,0.045291,0.0120422,0.0522168,0.5369199356426361,0.03125,0.011209,0.0448254,0.5415096183605663,0.029334,0.0110504,0.051016799999999994,0.5811922595781476,20480.0,20480.0,20480.0,0.0,20480.0,20480.0,20480.0,0.0,0.0,0.0,0.0,,0.0,0.0,0.0,,0.0,0.0,0.0,,0.0,0.0,0.0,
layer=60|op=SSM_CONV|family=SSM_CONV,60,SSM_CONV,SSM_CONV,False,1,0.042333,0.0396746,0.0432834,0.04194574793845817,0.040542,0.038375,0.0422002,0.043827788025860764,0.015291,0.0127078,0.01645,0.12189032735546089,327680.0,327680.0,327680.0,0.0,40960.0,40960.0,40960.0,0.0,0.0,0.0,0.0,,0.0,0.0,0.0,,0.0,0.0,0.0,,0.0,0.0,0.0,
layer=60|op=UNARY|family=UNARY,60,UNARY,UNARY,False,1,0.004542,0.0044168,0.004658000000000001,0.026514211363739135,0.003625,0.0034088,0.0037998,0.0511498592144959,0.002875,0.0026582,0.00315,0.07958901566788074,192.0,192.0,192.0,0.0,192.0,192.0,192.0,0.0,0.0,0.0,0.0,,0.0,0.0,0.0,,0.0,0.0,0.0,,0.0,0.0,0.0,
layer=61|op=ADD|family=ADD,61,ADD,ADD,False,1,0.010374999999999999,0.0099664,0.0179586,0.3476507887437806,0.009000000000000001,0.0087499,0.0160253,0.35705307631475935,0.008333,0.007850300000000001,0.0159169,0.4152790349925791,40960.0,40960.0,40960.0,0.0,20480.0,20480.0,20480.0,0.0,0.0,0.0,0.0,,0.0,0.0,0.0,,0.0,0.0,0.0,,0.0,0.0,0.0,
layer=61|op=CONCAT|family=CONCAT,61,CONCAT,CONCAT,False,1,0.087834,0.0875914,0.0889418,0.0075674091911785086,0.086584,0.0864418,0.0876836,0.007852360601079108,0.08575,0.08535000000000001,0.086783,0.007639472806442856,163840.0,163840.0,163840.0,0.0,163840.0,163840.0,163840.0,0.0,0.0,0.0,0.0,,0.0,0.0,0.0,,0.0,0.0,0.0,,0.0,0.0,0.0,
layer=61|op=GATED_DELTA_NET|family=GATED_DELTA_NET,61,GATED_DELTA_NET,GATED_DELTA_NET,False,1,1.13875,1.0864668,1.1646248,0.03344654253306319,1.12425,1.0820087999999999,1.1573164,0.03264310239425045,0.125875,0.0761914,0.2049746,0.42045435368294265,3187072.0,3187072.0,3187072.0,0.0,3170304.0,3170304.0,3170304.0,0.0,0.0,0.0,0.0,,0.0,0.0,0.0,,0.0,0.0,0.0,,0.0,0.0,0.0,
layer=61|op=GET_ROWS|family=GET_ROWS,61,GET_ROWS,GET_ROWS,False,1,0.023417,0.0232748,0.0242414,0.020157645409954614,0.022333,0.022175,0.0230332,0.022290118019837903,0.022625,0.022291599999999998,0.0232664,0.019154409908290863,122884.0,122884.0,122884.0,0.0,122880.0,122880.0,122880.0,0.0,0.0,0.0,0.0,,0.0,0.0,0.0,,0.0,0.0,0.0,,0.0,0.0,0.0,
layer=61|op=GLU|family=GLU,61,GLU,GLU,False,1,0.047375,0.047025,0.1280332,0.7236083738313808,0.045959,0.0458084,0.12556679999999998,0.7318828757117145,0.044875,0.044232799999999996,0.1257996,0.7501861639184791,139264.0,139264.0,139264.0,0.0,69632.0,69632.0,69632.0,0.0,0.0,0.0,0.0,,0.0,0.0,0.0,,0.0,0.0,0.0,,0.0,0.0,0.0,
layer=61|op=L2_NORM|family=L2_NORM,61,L2_NORM,L2_NORM,False,1,0.005917,0.0056918,0.0062249,0.03969489062918224,0.0048335,0.004671,0.0050165999999999995,0.03414356612574093,0.0037920000000000002,0.0036041,0.0040209,0.04812668801988629,8192.0,8192.0,8192.0,0.0,8192.0,8192.0,8192.0,0.0,0.0,0.0,0.0,,0.0,0.0,0.0,,0.0,0.0,0.0,,0.0,0.0,0.0,
layer=61|op=MUL_MAT|family=MUL_MAT,61,MUL_MAT,MUL_MAT,False,1,2.270875,2.2662915999999997,2.3056498,0.008704553350466444,2.26625,2.2614832,2.2996336,0.008427057300618497,0.171167,0.16691720000000002,0.1758918,0.023773850021126648,12554240.0,12554240.0,12554240.0,0.0,24576.0,24576.0,24576.0,0.0,12533760.0,12533760.0,12533760.0,0.0,23674880.0,23674880.0,23674880.0,0.0,2.252292,2.2437838,2.2637502,0.004083923016940287,0.0,0.0,0.0,
layer=61|op=MUL|family=MUL,61,MUL,MUL,False,1,0.003083,0.0029164,0.0034,0.0705952281959456,0.001917,0.0018164,0.0021668,0.08399082819736113,0.001584,0.0014918,0.0019746,0.12987190921353298,384.0,384.0,384.0,0.0,192.0,192.0,192.0,0.0,0.0,0.0,0.0,,0.0,0.0,0.0,,0.0,0.0,0.0,,0.0,0.0,0.0,
layer=61|op=RMS_NORM|family=fused:RMS_NORM,61,RMS_NORM,fused:RMS_NORM,True,2,0.012916,0.0124834,0.0360998,0.7521661500217406,0.0115,0.0113084,0.021607800000000003,0.44603122392118,0.011083,0.0109418,0.03450040000000001,0.8207522047430816,20480.0,20480.0,20480.0,0.0,20480.0,20480.0,20480.0,0.0,0.0,0.0,0.0,,0.0,0.0,0.0,,0.0,0.0,0.0,,0.0,0.0,0.0,
layer=61|op=SSM_CONV|family=SSM_CONV,61,SSM_CONV,SSM_CONV,False,1,0.040875,0.0393082,0.042117,0.031029999553213037,0.039334,0.0372418,0.0404418,0.03669827451465395,0.017625,0.0158086,0.0195168,0.10365111732336807,327680.0,327680.0,327680.0,0.0,40960.0,40960.0,40960.0,0.0,0.0,0.0,0.0,,0.0,0.0,0.0,,0.0,0.0,0.0,,0.0,0.0,0.0,
layer=61|op=UNARY|family=UNARY,61,UNARY,UNARY,False,1,0.004375,0.004258,0.0046164,0.04093155743954225,0.003125,0.0030414,0.003325,0.0407896139006536,0.00275,0.002708,0.0031579999999999998,0.07323783080754447,192.0,192.0,192.0,0.0,192.0,192.0,192.0,0.0,0.0,0.0,0.0,,0.0,0.0,0.0,,0.0,0.0,0.0,,0.0,0.0,0.0,
layer=62|op=ADD|family=ADD,62,ADD,ADD,False,1,0.010520999999999999,0.0101204,0.0132585,0.14827979928192475,0.009604,0.008975,0.0119503,0.15100823620395215,0.0081455,0.0077918,0.011287600000000002,0.21685464436287566,40960.0,40960.0,40960.0,0.0,20480.0,20480.0,20480.0,0.0,0.0,0.0,0.0,,0.0,0.0,0.0,,0.0,0.0,0.0,,0.0,0.0,0.0,
layer=62|op=CONCAT|family=CONCAT,62,CONCAT,CONCAT,False,1,0.088167,0.08760019999999999,0.16835840000000002,0.4656157887692777,0.086875,0.0865334,0.1665082,0.4679085535769448,0.086792,0.0858918,0.1665752,0.471013106691221,163840.0,163840.0,163840.0,0.0,163840.0,163840.0,163840.0,0.0,0.0,0.0,0.0,,0.0,0.0,0.0,,0.0,0.0,0.0,,0.0,0.0,0.0,
layer=62|op=GATED_DELTA_NET|family=GATED_DELTA_NET,62,GATED_DELTA_NET,GATED_DELTA_NET,False,1,1.154917,1.1076584,1.2056748,0.037753638160828405,1.148875,1.0995168000000002,1.1990834,0.038735391900277916,0.199959,0.1250082,0.2198254,0.24124019707366012,3187072.0,3187072.0,3187072.0,0.0,3170304.0,3170304.0,3170304.0,0.0,0.0,0.0,0.0,,0.0,0.0,0.0,,0.0,0.0,0.0,,0.0,0.0,0.0,
layer=62|op=GET_ROWS|family=GET_ROWS,62,GET_ROWS,GET_ROWS,False,1,0.023958,0.0235334,0.0324328,0.2118285061325203,0.022667,0.022125,0.031033199999999997,0.22305682368730892,0.023416,0.0228502,0.031558,0.21307080221554922,122884.0,122884.0,122884.0,0.0,122880.0,122880.0,122880.0,0.0,0.0,0.0,0.0,,0.0,0.0,0.0,,0.0,0.0,0.0,,0.0,0.0,0.0,
layer=62|op=GLU|family=GLU,62,GLU,GLU,False,1,0.046917,0.0464828,0.0482502,0.01900133378754219,0.045291,0.045200199999999996,0.0461334,0.009785132135345586,0.044792,0.04405,0.0465002,0.025631752613179442,139264.0,139264.0,139264.0,0.0,69632.0,69632.0,69632.0,0.0,0.0,0.0,0.0,,0.0,0.0,0.0,,0.0,0.0,0.0,,0.0,0.0,0.0,
layer=62|op=L2_NORM|family=L2_NORM,62,L2_NORM,L2_NORM,False,1,0.0066040000000000005,0.0061836999999999994,0.0067746,0.04067191791978911,0.0050834999999999995,0.004825,0.005383,0.04854077637086366,0.004146,0.0039711,0.0047997000000000005,0.08724493046004037,8192.0,8192.0,8192.0,0.0,8192.0,8192.0,8192.0,0.0,0.0,0.0,0.0,,0.0,0.0,0.0,,0.0,0.0,0.0,,0.0,0.0,0.0,
layer=62|op=MUL_MAT|family=MUL_MAT,62,MUL_MAT,MUL_MAT,False,1,2.274667,2.2682172,2.2982,0.007392990757608009,2.267041,2.2620587999999997,2.2923664,0.0074062539274234685,0.170375,0.1608754,0.1775922,0.04739749641881051,12554240.0,12554240.0,12554240.0,0.0,24576.0,24576.0,24576.0,0.0,12533760.0,12533760.0,12533760.0,0.0,23674880.0,23674880.0,23674880.0,0.0,2.253958,2.2468336,2.2746750000000002,0.006574488147537321,0.0,0.0,0.0,
layer=62|op=MUL|family=MUL,62,MUL,MUL,False,1,0.003166,0.0028168,0.0035088,0.09601660594438689,0.002,0.0018830000000000001,0.0022084,0.07500928830762946,0.001709,0.0016166,0.0020667999999999997,0.1304222867551639,384.0,384.0,384.0,0.0,192.0,192.0,192.0,0.0,0.0,0.0,0.0,,0.0,0.0,0.0,,0.0,0.0,0.0,,0.0,0.0,0.0,
layer=62|op=RMS_NORM|family=fused:RMS_NORM,62,RMS_NORM,fused:RMS_NORM,True,2,0.012667,0.0122586,0.03538300000000001,0.7521776384091587,0.011625,0.0112586,0.034108000000000006,0.7884627155037911,0.011625,0.0110834,0.03449160000000001,0.7977622528818555,20480.0,20480.0,20480.0,0.0,20480.0,20480.0,20480.0,0.0,0.0,0.0,0.0,,0.0,0.0,0.0,,0.0,0.0,0.0,,0.0,0.0,0.0,
layer=62|op=SSM_CONV|family=SSM_CONV,62,SSM_CONV,SSM_CONV,False,1,0.041958,0.0393086,0.0466412,0.0785764803147873,0.041,0.0375336,0.044525,0.08164876812633456,0.01375,0.013299799999999999,0.0182914,0.152419631300179,327680.0,327680.0,327680.0,0.0,40960.0,40960.0,40960.0,0.0,0.0,0.0,0.0,,0.0,0.0,0.0,,0.0,0.0,0.0,,0.0,0.0,0.0,
layer=62|op=UNARY|family=UNARY,62,UNARY,UNARY,False,1,0.004875,0.004508,0.005200000000000001,0.06249241668947628,0.003458,0.0033584,0.0036002,0.03442573462381026,0.003125,0.0029833999999999998,0.0035666,0.09786431644694499,192.0,192.0,192.0,0.0,192.0,192.0,192.0,0.0,0.0,0.0,0.0,,0.0,0.0,0.0,,0.0,0.0,0.0,,0.0,0.0,0.0,
layer=63|op=ADD|family=ADD,63,ADD,ADD,False,1,0.011458,0.0106374,0.018341999999999997,0.2769495773928707,0.009771,0.0093916,0.0161874,0.2920304930003749,0.009958499999999999,0.0091622,0.0165754,0.30112340623456824,40960.0,40960.0,40960.0,0.0,20480.0,20480.0,20480.0,0.0,0.0,0.0,0.0,,0.0,0.0,0.0,,0.0,0.0,0.0,,0.0,0.0,0.0,
layer=63|op=CONT|family=CONT,63,CONT,CONT,False,1,0.008375,0.0079752,0.009275,0.08253232758675491,0.007125,0.0068,0.0079412,0.0840535519111462,0.004292,0.0039414,0.0052504000000000006,0.13607432737774572,48128.0,48128.0,48128.0,0.0,24576.0,24576.0,24576.0,0.0,0.0,0.0,0.0,,0.0,0.0,0.0,,0.0,0.0,0.0,,0.0,0.0,0.0,
layer=63|op=FLASH_ATTN_EXT|family=FLASH_ATTN_EXT,63,FLASH_ATTN_EXT,FLASH_ATTN_EXT,False,1,0.077625,0.0760586,0.0784168,0.013727841108346076,0.075375,0.07399159999999999,0.076475,0.01473719589335268,0.020916,0.0203998,0.0210166,0.01367742026429594,1073664.0,1073664.0,1073664.0,0.0,24576.0,24576.0,24576.0,0.0,0.0,0.0,0.0,,0.0,0.0,0.0,,0.0,0.0,0.0,,0.0,0.0,0.0,
layer=63|op=GLU|family=GLU,63,GLU,GLU,False,1,0.049334,0.0465172,0.1408334,0.6564159927509754,0.048,0.0455082,0.13595000000000002,0.6754838581650848,0.044709,0.0443002,0.1388836,0.682552249298502,139264.0,139264.0,139264.0,0.0,69632.0,69632.0,69632.0,0.0,0.0,0.0,0.0,,0.0,0.0,0.0,,0.0,0.0,0.0,,0.0,0.0,0.0,
layer=63|op=MUL_MAT|family=MUL_MAT,63,MUL_MAT,MUL_MAT,False,1,1.626625,1.6077918,1.6581498000000001,0.013698805455755416,1.619291,1.6014586,1.6512499999999999,0.013593945989268977,0.12825,0.1172746,0.1563168,0.14626196805836417,8867840.0,8867840.0,8867840.0,0.0,20480.0,20480.0,20480.0,0.0,8847360.0,8847360.0,8847360.0,0.0,16711680.0,16711680.0,16711680.0,0.0,1.608625,1.5895998,1.640375,0.01394666038473617,0.0,0.0,0.0,
layer=63|op=MUL|family=MUL,63,MUL,MUL,False,1,0.005334,0.0053084,0.011941800000000002,0.5681354979975015,0.004584,0.0044584,0.0109,0.6279918022248056,0.004,0.0035085999999999997,0.0106078,0.7276144463713242,49152.0,49152.0,49152.0,0.0,24576.0,24576.0,24576.0,0.0,0.0,0.0,0.0,,0.0,0.0,0.0,,0.0,0.0,0.0,,0.0,0.0,0.0,
layer=63|op=RMS_NORM|family=fused:RMS_NORM,63,RMS_NORM,fused:RMS_NORM,True,2,0.011646,0.011312299999999999,0.014116600000000002,0.10453640670807118,0.010646,0.0100083,0.012129200000000001,0.10157285494433858,0.010229499999999999,0.0098751,0.0106208,0.03310397203766385,20480.0,20480.0,20480.0,0.0,20480.0,20480.0,20480.0,0.0,0.0,0.0,0.0,,0.0,0.0,0.0,,0.0,0.0,0.0,,0.0,0.0,0.0,
layer=63|op=ROPE|family=ROPE,63,ROPE,ROPE,False,1,0.013520500000000001,0.0130875,0.016395899999999998,0.13133147200179937,0.011917,0.0113081,0.0138169,0.10695344304250053,0.009104,0.008696,0.0093834,0.03394761138812424,14352.0,14352.0,14352.0,0.0,14336.0,14336.0,14336.0,0.0,0.0,0.0,0.0,,0.0,0.0,0.0,,0.0,0.0,0.0,,0.0,0.0,0.0,
layer=63|op=UNARY|family=UNARY,63,UNARY,UNARY,False,1,0.057666,0.057433000000000005,0.15519960000000002,0.7200720493563734,0.05675,0.0566414,0.1542082,0.7265405432210247,0.055708,0.0554996,0.15326620000000002,0.7366578573974407,24576.0,24576.0,24576.0,0.0,24576.0,24576.0,24576.0,0.0,0.0,0.0,0.0,,0.0,0.0,0.0,,0.0,0.0,0.0,,0.0,0.0,0.0,
layer=6|op=ADD|family=ADD,6,ADD,ADD,False,1,0.010646,0.0101707,0.0138127,0.18839536117092648,0.009625000000000002,0.008874400000000001,0.012075200000000001,0.17051651147282185,0.0081875,0.007508099999999999,0.0118917,0.2637223231592044,40960.0,40960.0,40960.0,0.0,20480.0,20480.0,20480.0,0.0,0.0,0.0,0.0,,0.0,0.0,0.0,,0.0,0.0,0.0,,0.0,0.0,0.0,
layer=6|op=CONCAT|family=CONCAT,6,CONCAT,CONCAT,False,1,0.088791,0.0876834,0.16754200000000002,0.4570760649693447,0.086916,0.0862582,0.1651834,0.4589204135462319,0.087125,0.0858998,0.1661922,0.4663191792722358,163840.0,163840.0,163840.0,0.0,163840.0,163840.0,163840.0,0.0,0.0,0.0,0.0,,0.0,0.0,0.0,,0.0,0.0,0.0,,0.0,0.0,0.0,
layer=6|op=GATED_DELTA_NET|family=GATED_DELTA_NET,6,GATED_DELTA_NET,GATED_DELTA_NET,False,1,1.176958,1.1170166000000001,1.193117,0.032506632181423634,1.165125,1.1089504,1.184425,0.032102460624164504,0.161125,0.1361418,0.22028360000000002,0.23944018768031208,3187072.0,3187072.0,3187072.0,0.0,3170304.0,3170304.0,3170304.0,0.0,0.0,0.0,0.0,,0.0,0.0,0.0,,0.0,0.0,0.0,,0.0,0.0,0.0,
layer=6|op=GET_ROWS|family=GET_ROWS,6,GET_ROWS,GET_ROWS,False,1,0.024709,0.0227414,0.0334502,0.22238076142073954,0.022792,0.0216082,0.0318584,0.2354165846679091,0.023833,0.02155,0.032175,0.2344190412141775,122884.0,122884.0,122884.0,0.0,122880.0,122880.0,122880.0,0.0,0.0,0.0,0.0,,0.0,0.0,0.0,,0.0,0.0,0.0,,0.0,0.0,0.0,
layer=6|op=GLU|family=GLU,6,GLU,GLU,False,1,0.0475,0.0467416,0.8739672000000002,1.7053304131918892,0.046167,0.0452328,0.0490664,0.03913422203837057,0.044584,0.044466599999999995,0.8712834000000002,1.7206463864487724,139264.0,139264.0,139264.0,0.0,69632.0,69632.0,69632.0,0.0,0.0,0.0,0.0,,0.0,0.0,0.0,,0.0,0.0,0.0,,0.0,0.0,0.0,
layer=6|op=L2_NORM|family=L2_NORM,6,L2_NORM,L2_NORM,False,1,0.0060625,0.0057582,0.3704126000000001,1.9054200509825607,0.0048545,0.0046166,0.0061081,0.1646052750057935,0.0039165,0.0037289,0.3671628,1.9370657758410306,8192.0,8192.0,8192.0,0.0,8192.0,8192.0,8192.0,0.0,0.0,0.0,0.0,,0.0,0.0,0.0,,0.0,0.0,0.0,,0.0,0.0,0.0,
layer=6|op=MUL_MAT|family=MUL_MAT,6,MUL_MAT,MUL_MAT,False,1,2.281042,2.2749836,2.3014002,0.006552226103033783,2.274792,2.2676996,2.295067,0.006644075445785359,0.198916,0.1594246,0.205525,0.11508781183693524,12554240.0,12554240.0,12554240.0,0.0,24576.0,24576.0,24576.0,0.0,12533760.0,12533760.0,12533760.0,0.0,23674880.0,23674880.0,23674880.0,0.0,2.256708,2.251967,2.2799253999999998,0.0067387422439838226,0.0,0.0,0.0,
layer=6|op=MUL|family=MUL,6,MUL,MUL,False,1,0.003583,0.0033164,0.00405,0.0940575820950476,0.002125,0.0019582000000000002,0.0025418,0.11882996480385725,0.001792,0.0016582,0.0025588,0.26288746136975183,384.0,384.0,384.0,0.0,192.0,192.0,192.0,0.0,0.0,0.0,0.0,,0.0,0.0,0.0,,0.0,0.0,0.0,,0.0,0.0,0.0,
layer=6|op=RMS_NORM|family=fused:RMS_NORM,6,RMS_NORM,fused:RMS_NORM,True,2,0.013542,0.0125086,0.0517662,0.6677052921570382,0.012459,0.0115418,0.032584,0.6549329725258132,0.0125,0.0108914,0.0506828,0.7082075568230248,20480.0,20480.0,20480.0,0.0,20480.0,20480.0,20480.0,0.0,0.0,0.0,0.0,,0.0,0.0,0.0,,0.0,0.0,0.0,,0.0,0.0,0.0,
layer=6|op=SSM_CONV|family=SSM_CONV,6,SSM_CONV,SSM_CONV,False,1,0.041167,0.0389914,0.4076580000000001,1.5025088644884854,0.03925,0.037724799999999996,0.05542520000000001,0.2373969573736849,0.013167,0.0113168,0.38288340000000004,1.8112145757467557,327680.0,327680.0,327680.0,0.0,40960.0,40960.0,40960.0,0.0,0.0,0.0,0.0,,0.0,0.0,0.0,,0.0,0.0,0.0,,0.0,0.0,0.0,
layer=6|op=UNARY|family=UNARY,6,UNARY,UNARY,False,1,0.005083,0.0043834,0.0175832,0.9302755854810237,0.003792,0.0034750000000000002,0.0043502,0.09967340520864694,0.003708,0.0031164,0.015800400000000003,1.0843758386655817,192.0,192.0,192.0,0.0,192.0,192.0,192.0,0.0,0.0,0.0,0.0,,0.0,0.0,0.0,,0.0,0.0,0.0,,0.0,0.0,0.0,
layer=7|op=ADD|family=ADD,7,ADD,ADD,False,1,0.011021,0.0108375,0.0172624,0.31520278327785134,0.009583,0.0094291,0.013071200000000002,0.2160567430917989,0.009000000000000001,0.008758400000000001,0.015075100000000001,0.3600262414564284,40960.0,40960.0,40960.0,0.0,20480.0,20480.0,20480.0,0.0,0.0,0.0,0.0,,0.0,0.0,0.0,,0.0,0.0,0.0,,0.0,0.0,0.0,
layer=7|op=CONT|family=CONT,7,CONT,CONT,False,1,0.008833,0.008383,0.009449599999999999,0.05415944238976529,0.007375,0.0070502,0.0075582,0.03243738867198933,0.004542,0.0040912,0.0053,0.13052569530921027,48128.0,48128.0,48128.0,0.0,24576.0,24576.0,24576.0,0.0,0.0,0.0,0.0,,0.0,0.0,0.0,,0.0,0.0,0.0,,0.0,0.0,0.0,
layer=7|op=FLASH_ATTN_EXT|family=FLASH_ATTN_EXT,7,FLASH_ATTN_EXT,FLASH_ATTN_EXT,False,1,0.077958,0.0755078,0.0786582,0.01919604689366607,0.074667,0.0730832,0.0763334,0.021400934957324407,0.020292,0.0201164,0.0214416,0.030227088911197554,1073664.0,1073664.0,1073664.0,0.0,24576.0,24576.0,24576.0,0.0,0.0,0.0,0.0,,0.0,0.0,0.0,,0.0,0.0,0.0,,0.0,0.0,0.0,
layer=7|op=GLU|family=GLU,7,GLU,GLU,False,1,0.047083,0.0465918,0.127842,0.7250845187660563,0.045875,0.0454998,0.12535020000000002,0.732998202577102,0.044834,0.043934,0.1251332,0.7523605497577387,139264.0,139264.0,139264.0,0.0,69632.0,69632.0,69632.0,0.0,0.0,0.0,0.0,,0.0,0.0,0.0,,0.0,0.0,0.0,,0.0,0.0,0.0,
layer=7|op=MUL_MAT|family=MUL_MAT,7,MUL_MAT,MUL_MAT,False,1,1.610667,1.6063584,1.7040666,0.028499017534843785,1.604333,1.5980166,1.6967248,0.028665775278569863,0.1615,0.11748320000000001,0.1964,0.22135117665952345,8867840.0,8867840.0,8867840.0,0.0,20480.0,20480.0,20480.0,0.0,8847360.0,8847360.0,8847360.0,0.0,16711680.0,16711680.0,16711680.0,0.0,1.59075,1.5835664,1.6843664,0.029505895180551005,0.0,0.0,0.0,
layer=7|op=MUL|family=MUL,7,MUL,MUL,False,1,0.005458,0.0048252,0.0060588,0.10218399576608865,0.004625,0.0040168,0.005175,0.11323707911232182,0.003833,0.0035004,0.0046498,0.14606650882389155,49152.0,49152.0,49152.0,0.0,24576.0,24576.0,24576.0,0.0,0.0,0.0,0.0,,0.0,0.0,0.0,,0.0,0.0,0.0,,0.0,0.0,0.0,
layer=7|op=RMS_NORM|family=fused:RMS_NORM,7,RMS_NORM,fused:RMS_NORM,True,2,0.0118335,0.0115916,0.0128623,0.060146276083777775,0.010646,0.010329099999999999,0.011158399999999999,0.034673047279771434,0.0101045,0.0098459,0.0105124,0.03284714641317753,20480.0,20480.0,20480.0,0.0,20480.0,20480.0,20480.0,0.0,0.0,0.0,0.0,,0.0,0.0,0.0,,0.0,0.0,0.0,,0.0,0.0,0.0,
layer=7|op=ROPE|family=ROPE,7,ROPE,ROPE,False,1,0.0140205,0.013312500000000001,0.0164625,0.12208627382075035,0.0114585,0.0112626,0.0118249,0.025248768834336858,0.009333000000000001,0.008654,0.0101839,0.07377411174017813,14352.0,14352.0,14352.0,0.0,14336.0,14336.0,14336.0,0.0,0.0,0.0,0.0,,0.0,0.0,0.0,,0.0,0.0,0.0,,0.0,0.0,0.0,
layer=7|op=UNARY|family=UNARY,7,UNARY,UNARY,False,1,0.058375,0.0580578,0.08159140000000001,0.2352659575600648,0.057458,0.057258,0.08044180000000001,0.23493044518297446,0.055834,0.055508,0.07957460000000001,0.2487699747381968,24576.0,24576.0,24576.0,0.0,24576.0,24576.0,24576.0,0.0,0.0,0.0,0.0,,0.0,0.0,0.0,,0.0,0.0,0.0,,0.0,0.0,0.0,
layer=8|op=ADD|family=ADD,8,ADD,ADD,False,1,0.0156665,0.0114877,0.07393740000000001,1.1074932481592947,0.0110625,0.010075299999999999,0.016083200000000002,0.22741352817953853,0.013812499999999998,0.0093834,0.07125390000000001,1.1697207258995441,40960.0,40960.0,40960.0,0.0,20480.0,20480.0,20480.0,0.0,0.0,0.0,0.0,,0.0,0.0,0.0,,0.0,0.0,0.0,,0.0,0.0,0.0,
layer=8|op=CONCAT|family=CONCAT,8,CONCAT,CONCAT,False,1,0.096166,0.0874166,0.1762416,0.4138601876322953,0.090958,0.08629999999999999,0.1734748,0.4205455529108768,0.092708,0.0860332,0.1746832,0.42272545660561506,163840.0,163840.0,163840.0,0.0,163840.0,163840.0,163840.0,0.0,0.0,0.0,0.0,,0.0,0.0,0.0,,0.0,0.0,0.0,,0.0,0.0,0.0,
layer=8|op=GATED_DELTA_NET|family=GATED_DELTA_NET,8,GATED_DELTA_NET,GATED_DELTA_NET,False,1,1.116291,1.1018834,1.1465832,0.02006590879510912,1.105958,1.0934252,1.1392418,0.020580862811849013,0.113166,0.0771498,0.1732664,0.38467483159640853,3187072.0,3187072.0,3187072.0,0.0,3170304.0,3170304.0,3170304.0,0.0,0.0,0.0,0.0,,0.0,0.0,0.0,,0.0,0.0,0.0,,0.0,0.0,0.0,
layer=8|op=GET_ROWS|family=GET_ROWS,8,GET_ROWS,GET_ROWS,False,1,0.023208,0.0230414,0.032583600000000004,0.23212570569898527,0.022166,0.0217754,0.0314084,0.24059077294576509,0.022375,0.0220086,0.0316668,0.24495232731511882,122884.0,122884.0,122884.0,0.0,122880.0,122880.0,122880.0,0.0,0.0,0.0,0.0,,0.0,0.0,0.0,,0.0,0.0,0.0,,0.0,0.0,0.0,
layer=8|op=GLU|family=GLU,8,GLU,GLU,False,1,0.047833,0.0464252,0.2064502,0.7070595775500214,0.045667,0.0451252,0.186116,0.6767371279120771,0.045333,0.044033199999999995,0.2045672,0.7244835665349141,139264.0,139264.0,139264.0,0.0,69632.0,69632.0,69632.0,0.0,0.0,0.0,0.0,,0.0,0.0,0.0,,0.0,0.0,0.0,,0.0,0.0,0.0,
layer=8|op=L2_NORM|family=L2_NORM,8,L2_NORM,L2_NORM,False,1,0.006208,0.005778999999999999,0.0070544,0.08921061651485446,0.004854000000000001,0.0046581,0.0052997999999999995,0.05880155423232634,0.0040205,0.0038499000000000003,0.0048753,0.10950512558924787,8192.0,8192.0,8192.0,0.0,8192.0,8192.0,8192.0,0.0,0.0,0.0,0.0,,0.0,0.0,0.0,,0.0,0.0,0.0,,0.0,0.0,0.0,
layer=8|op=MUL_MAT|family=MUL_MAT,8,MUL_MAT,MUL_MAT,False,1,2.286791,2.267959,2.3126418,0.008628188084880695,2.275666,2.2625588,2.3060334,0.008510788390085112,0.17575,0.1541002,0.2094752,0.13762254023802398,12554240.0,12554240.0,12554240.0,0.0,24576.0,24576.0,24576.0,0.0,12533760.0,12533760.0,12533760.0,0.0,23674880.0,23674880.0,23674880.0,0.0,2.260542,2.2503002,2.287625,0.007386440373391536,0.0,0.0,0.0,
layer=8|op=MUL|family=MUL,8,MUL,MUL,False,1,0.003209,0.0030832,0.0035998000000000002,0.08499273452446827,0.002042,0.0020164,0.0021422,0.03527639765401107,0.001667,0.0016003999999999999,0.002358,0.2234739140266723,384.0,384.0,384.0,0.0,192.0,192.0,192.0,0.0,0.0,0.0,0.0,,0.0,0.0,0.0,,0.0,0.0,0.0,,0.0,0.0,0.0,
layer=8|op=RMS_NORM|family=fused:RMS_NORM,8,RMS_NORM,fused:RMS_NORM,True,2,0.050708,0.0316248,0.053482999999999996,0.2747092190393086,0.026166,0.0150746,0.033083600000000005,0.325548364620026,0.029667,0.0206002,0.0508414,0.39202859774983106,20480.0,20480.0,20480.0,0.0,20480.0,20480.0,20480.0,0.0,0.0,0.0,0.0,,0.0,0.0,0.0,,0.0,0.0,0.0,,0.0,0.0,0.0,
layer=8|op=SSM_CONV|family=SSM_CONV,8,SSM_CONV,SSM_CONV,False,1,0.041834,0.0403166,0.043766799999999995,0.036315511231837454,0.040917,0.0392332,0.042374800000000004,0.034178078575538534,0.018666,0.014024799999999999,0.0213336,0.1818153351419439,327680.0,327680.0,327680.0,0.0,40960.0,40960.0,40960.0,0.0,0.0,0.0,0.0,,0.0,0.0,0.0,,0.0,0.0,0.0,,0.0,0.0,0.0,
layer=8|op=UNARY|family=UNARY,8,UNARY,UNARY,False,1,0.004625,0.0045752,0.0256588,0.7919559742672718,0.003625,0.0033748,0.003867,0.06590334410217238,0.003333,0.0029836,0.0238586,0.8890818379272378,192.0,192.0,192.0,0.0,192.0,192.0,192.0,0.0,0.0,0.0,0.0,,0.0,0.0,0.0,,0.0,0.0,0.0,,0.0,0.0,0.0,
layer=9|op=ADD|family=ADD,9,ADD,ADD,False,1,0.010791499999999999,0.009879,0.0204294,0.35038668503244824,0.0094375,0.008641800000000002,0.014191500000000001,0.2616682876541255,0.008958,0.0081623,0.0182123,0.3870751031246488,40960.0,40960.0,40960.0,0.0,20480.0,20480.0,20480.0,0.0,0.0,0.0,0.0,,0.0,0.0,0.0,,0.0,0.0,0.0,,0.0,0.0,0.0,
layer=9|op=CONCAT|family=CONCAT,9,CONCAT,CONCAT,False,1,0.218958,0.0881834,0.2208254,0.38549562087392675,0.091041,0.08679179999999999,0.2178418,0.45285407649963333,0.217625,0.0864248,0.218825,0.389987449573781,163840.0,163840.0,163840.0,0.0,163840.0,163840.0,163840.0,0.0,0.0,0.0,0.0,,0.0,0.0,0.0,,0.0,0.0,0.0,,0.0,0.0,0.0,
layer=9|op=GATED_DELTA_NET|family=GATED_DELTA_NET,9,GATED_DELTA_NET,GATED_DELTA_NET,False,1,1.133375,1.0908922,1.1816164,0.03992496958552971,1.123333,1.0851586,1.1750665999999999,0.04023511144114879,0.185833,0.139225,0.2324082,0.21997043639350322,3187072.0,3187072.0,3187072.0,0.0,3170304.0,3170304.0,3170304.0,0.0,0.0,0.0,0.0,,0.0,0.0,0.0,,0.0,0.0,0.0,,0.0,0.0,0.0,
layer=9|op=GET_ROWS|family=GET_ROWS,9,GET_ROWS,GET_ROWS,False,1,0.037042,0.0239164,0.38023300000000004,1.5744870150145733,0.035792,0.0226084,0.0386002,0.23194501393155564,0.0355,0.0226666,0.3786000000000001,1.5893836420211302,122884.0,122884.0,122884.0,0.0,122880.0,122880.0,122880.0,0.0,0.0,0.0,0.0,,0.0,0.0,0.0,,0.0,0.0,0.0,,0.0,0.0,0.0,
layer=9|op=GLU|family=GLU,9,GLU,GLU,False,1,0.04725,0.0467586,0.8416418000000001,1.5042772298227984,0.045875,0.0454086,0.0514748,0.060013562964260726,0.044416,0.0439834,0.8324084,1.5141670039327912,139264.0,139264.0,139264.0,0.0,69632.0,69632.0,69632.0,0.0,0.0,0.0,0.0,,0.0,0.0,0.0,,0.0,0.0,0.0,,0.0,0.0,0.0,
layer=9|op=L2_NORM|family=L2_NORM,9,L2_NORM,L2_NORM,False,1,0.0065415000000000004,0.0061459,0.0071667,0.0686962947943797,0.0051665,0.0048332,0.0054333,0.052659247692660054,0.004479,0.0041088,0.0048459,0.07623073238001513,8192.0,8192.0,8192.0,0.0,8192.0,8192.0,8192.0,0.0,0.0,0.0,0.0,,0.0,0.0,0.0,,0.0,0.0,0.0,,0.0,0.0,0.0,
layer=9|op=MUL_MAT|family=MUL_MAT,9,MUL_MAT,MUL_MAT,False,1,2.271,2.2643918,2.29555,0.007175449033405643,2.26475,2.2573752000000002,2.2892328,0.007372895007342336,0.164292,0.15575840000000002,0.1890502,0.10079105863269366,12554240.0,12554240.0,12554240.0,0.0,24576.0,24576.0,24576.0,0.0,12533760.0,12533760.0,12533760.0,0.0,23674880.0,23674880.0,23674880.0,0.0,2.247166,2.2427164,2.2752504,0.008300226973127729,0.0,0.0,0.0,
layer=9|op=MUL|family=MUL,9,MUL,MUL,False,1,0.003333,0.0031832,0.003617,0.056975206793499475,0.002208,0.002083,0.002367,0.05763927568989121,0.00175,0.001634,0.0020666,0.11023438592633396,384.0,384.0,384.0,0.0,192.0,192.0,192.0,0.0,0.0,0.0,0.0,,0.0,0.0,0.0,,0.0,0.0,0.0,,0.0,0.0,0.0,
layer=9|op=RMS_NORM|family=fused:RMS_NORM,9,RMS_NORM,fused:RMS_NORM,True,2,0.040417,0.021783000000000004,0.43348300000000006,1.0562989503629145,0.02129,0.011842,0.0296914,0.3764570479275161,0.02175,0.012066799999999999,0.42289200000000005,1.1471325867053355,20480.0,20480.0,20480.0,0.0,20480.0,20480.0,20480.0,0.0,0.0,0.0,0.0,,0.0,0.0,0.0,,0.0,0.0,0.0,,0.0,0.0,0.0,
layer=9|op=SSM_CONV|family=SSM_CONV,9,SSM_CONV,SSM_CONV,False,1,0.040625,0.038416399999999996,0.0422584,0.047433413828850836,0.039,0.0361086,0.040799800000000004,0.05586289583430564,0.014792,0.0124918,0.0152502,0.10212232581364829,327680.0,327680.0,327680.0,0.0,40960.0,40960.0,40960.0,0.0,0.0,0.0,0.0,,0.0,0.0,0.0,,0.0,0.0,0.0,,0.0,0.0,0.0,
layer=9|op=UNARY|family=UNARY,9,UNARY,UNARY,False,1,0.004958,0.004841600000000001,0.0257668,0.7713396925169537,0.003833,0.0034414,0.0053172,0.20122099166525365,0.003625,0.0032828,0.0238332,0.8631643912558289,192.0,192.0,192.0,0.0,192.0,192.0,192.0,0.0,0.0,0.0,0.0,,0.0,0.0,0.0,,0.0,0.0,0.0,,0.0,0.0,0.0,
